Theme,Opportunity Space,Year Founded,Maturity,Website,Business Description,Funding Stage,Total funding (US$),Country,Company Name
Data & AI,Digital twin,2014,Existing,https://g2-ops.com,IT services suite provider based on digital twin technology,Unfunded,,USA,2 Ops
Business Model Innovation,Freight Orchestration,2014,Emerging,https://2cargo.com,Online freight transport marketplace,Seed,"1,600,000",China,2cargo
Business Model Innovation,Freight Orchestration,2015,Emerging,https://45hc.com,"Online platform for booking container space, carrier and customers broker",Funded,,China,45HC.com
Business Model Innovation,Freight Orchestration,2013,Emerging,https://4shipping.com,Online marketplace for freight transportation through inland waterways,Funded,,Netherlands,4shipping
Data & AI,Fleet Utilization,2016,Existing,https://51kpwang.com,Online marketplace for freight transportation services,Series A,"7,228,520",China,51 Fast Matching
Fuel & Efficiency,Energy Efficiency & Storage,2012,Existing,https://75f.io,Technology solutions for energy conservation and resolve temperature imbalance,Series A,"28,373,608",USA,75fahrenheit
Data & AI,Digital twin,2012,Existing,https://abyssal.eu,Develops sub-sea navigation technology for ROVs using 3D & AR,Seed,,Portugal,Abyssal
"Infrastructure, vessel & Asset efficiency",Vessel Flow Efficiency,2014,Emerging,https://accion-systems.com,Developing propulsion systems for satellites based on a proprietary ion beam technology,Series B,"23,882,783",USA,Accion Systems
"Infrastructure, vessel & Asset efficiency",Alternative Energy,2013,Existing,https://aoecanada.ca,WEC based on buoys operated on air pressure difference,Series A,,Canada,Accumulated Ocean Energy
Fuel & Efficiency,Energy Efficiency & Storage,2016,Existing,https://adaptive-balancing.de,Flywheel-based energy storage solution developers,Seed,,Germany,Adaptive Balancing Power
"Infrastructure, vessel & Asset efficiency",Vessel Flow Efficiency,2014,Emerging,https://adaptivesurface.tech,Producer of materials and coatings that repel fluids,Series A,"8,600,000",USA,Adaptive Surface
Data & AI,Fleet Utilization,2015,Existing,https://agilys.io,Software solutions provider for the logistics industry,Funded,,,Agilys
Business Model Innovation,CO2 Reduction Monetization In Other Industries,2017,Distant,https://aircompany.com/,Vodka made out of air,Funded,,USA,Air Co.
"Carbon CS, offsetting & trading",CO2 Trading/Offsetting/Exchange,2019,Distant,https://aircarbon.co/,AirCarbon is a Singapore-based Commodities Exchange using distributed ledger technology on a traditional trading architecture. It leverages blockchain architecture to create securitized carbon credit on Ethereum and ERC20 & ERC721 tokens.,Seed,"750,000",Singapore,Aircarbon
"Infrastructure, vessel & Asset efficiency",Drones,2014,Emerging,https://airoboticsdrones.com,Designs and develops autonomous industrial drones,Series D,"101,000,000",USA,Airobotics
Data & AI,5G Connectivity,2013,Emerging,https://airrays.com,Adaptive antenna systems enabling MIMO,Series A,,Germany,Airrays
"Infrastructure, vessel & Asset efficiency",Vessel Flow Efficiency,2016,Emerging,https://airseas.com,Wing Towing,,,France,AirSeas
Data & AI,Fleet Utilization,2014,Emerging,https://airspacetechnologies.com,Technology enabled logistics service provider,Series B,"28,000,000",USA,Airspace Technologies
Data & AI,Digital twin,2012,Distant,https://akselos.com,Saas-based operational simulation and predictive analytics platform,Series A,"12,200,000",Switzerland,Akselos
Data & AI,5G Connectivity,2013,Emerging,https://alcansystems.com,Smart antenna to enable connectivity in vehicles,Series A,"8,805,820",Germany,ALCAN Systems
Data & AI,Digital twin,2017,Distant,https://alchemy.cloud,Cloud-based software for the specialty chemical industry,Series A,"5,397,420",Republic of Serbia,Alchemy
Data & AI,Digital twin,2017,Emerging,https://allvision.io,Provider of location analytics to real estate industries,Seed,"3,200,000",USA,Allvision
Data & AI,Fleet Utilization,2016,Existing,https://alphaori.sg,Digital solutions provider for maritime industry,,,,Alpha Ori
Data & AI,5G Connectivity,2007,Emerging,https://alphawireless.com,Wireless antennas provider,Series A,,Ireland,Alpha Wireless
Fuel & Efficiency,Energy Efficiency & Storage,2009,Existing,https://alphabetenergy.com,Developer of thermoelectric materials for waste heat recovery,Series C,"52,676,829",USA,Alphabet Energy
Fuel & Efficiency,Energy Efficiency & Storage,2010,Existing,https://ambri.com,Liquid Metal Battery technology,Series C,"67,290,642",USA,Ambri
Fuel & Efficiency,New Fuel Types,2014,Emerging,https://americanfuelcell.us,Membrane Electrode Assembly developer,Seed,"50,000",USA,American Fuel Cell
Data & AI,Fleet Utilization,2012,Existing,https://anchorlab.net,Provider of data collection and analysis tools for monitoring and tracking applications for fisheries,,,,Anchor Lab
"Infrastructure, vessel & Asset efficiency",Energy & Equipment Management,2016,Emerging,https://anything-connected.com,IoT enabled solution for asset health monitoring,Funded,,Netherlands,Anything Connected
Data & AI,Fleet Utilization,2013,Existing,https://globalaquamaps.com,Provides a mobile application for marine navigation,,,,Aqua Map
"Infrastructure, vessel & Asset efficiency",Alternative Energy,2015,Emerging,https://aquanisinc.com,Technology developer for the increased efficiency of wind turbines,Seed,"200,000",USA,Aquanis
CO2 Transparency,CO2 Tracking,2018,Distant,https://arolytics.com,Software for monitoring and analyzing atmospheric emissions data,Seed,"25,000",Canada,Arolytics
Business Model Innovation,Freight Orchestration,2014,Existing,https://arrivelogistics.com,Tech-enabled 3PL provider,Series B,"40,000,000",USA,Arrive Logistics
Business Model Innovation,Freight Orchestration,2014,Emerging,https://shiparta.com,Online logistics platform for specialized cargo,Seed,"1,000,000",USA,Arta
"Infrastructure, vessel & Asset efficiency",Drones,2013,Existing,https://atmosuav.com,Designs and manufactures aerial observation and data gathering solutions,Series A,,Netherlands,Atmos UAV
Fuel & Efficiency,New Fuel Types,2010,Existing,https://atollenergy.com,Co-generation systems,Seed,"492,330",France,Atoll Energy
Fuel & Efficiency,Energy Efficiency & Storage,2013,Emerging,https://aureliaturbines.com,Small gas turbine manufacturer,Series A,"4,519,250",Finland,Aurelia Turbines
Data & AI,Fleet Utilization,2016,Existing,https://avancargo.com,Online marketplace for trucks,Seed,"1,000,000",Argentina,Avancargo
Data & AI,Port-Side Analytics,2000,Existing,https://aventeon.com,Mobile solutions for logistics and transport industry,Series A,"5,000,000",Netherlands,Aventeon
Data & AI,Digital twin,2010,Existing,https://aylanetworks.com,A platform for hosting connected devices,Series D,"124,400,000",USA,Ayla Networks
Business Model Innovation,Freight Orchestration,2018,Emerging,https://banyan.one,Online freight transportation auction marketplace,Funded,,,Banyan Mercantile
Data & AI,Fleet Utilization,2015,Existing,https://xiang.xin,Online marketplace for containerized freight transportation services,Seed,"1,577,428",China,Beijing Boxin Technology Co
Fuel & Efficiency,New Fuel Types,2010,Existing,https://nowogen.com,Developer of platinum electrode fuel cells,Series A,,China,Beijing Hydrogen Technology
CO2 Transparency,CO2 Tracking,2016,Distant,https://mixislink.com,Blockchain and AI-based Energy intelligence solutions,Seed,"2,272,110",China,Beijing Rongxing Technology
Data & AI,Fleet Utilization,2003,Existing,https://bestrane.com.au,Developer and reseller of technology solutions for logistics,Funded,,Australia,Bestrane
"Infrastructure, vessel & Asset efficiency",Crew Incentivisation,2013,Existing,https://betterworks.com,"Online goal setting, tracking and management",Series B,"70,500,000",USA,BetterWorks
Business Model Innovation,Freight Orchestration,2016,Emerging,https://bext360.com/,Supply Chain Digitization,Seed,"3,350,000",USA,Bext360
Data & AI,Digital twin,2014,Distant,https://bigchaindb.com,Decentralized database solutions provider,Series A,"3,370,000",Germany,BigChainDB
CO2 Transparency,Blockchain For CO2 Provenance,2017,Existing,https://webild.it,P2P marketplace for infrastructure and Energy investment,Seed,"120,000",USA,Bild
Data & AI,Fleet Utilization,2015,Existing,https://blackbuck.com,Online portal for freight transport booking,Series D,"290,542,092",India,BlackBuck
"Infrastructure, vessel & Asset efficiency",Alternative Energy,2013,Existing,https://blackburnenergy.com,Kinetic energy conversion systems provider,Seed,"50,000",USA,Blackburn Energy
Data & AI,Fleet Utilization,2014,Emerging,https://blueoceanmonitoring.com,"Provides ocean data / maritime surveys, more relevant for Oil & Gas industry",Series B,,Australia,Blue Ocean Monitoring
"Carbon CS, offsetting & trading",CO2 Upcycling,2013,Emerging,https://blueplanet-ltd.com,Carbon capture to concrete and building materials technology,Series A,"4,832,500",USA,Blue Planet
Business Model Innovation,Green Freight,2008,Existing,https://bluetechnology.dk/,No Fossil for ship propulsion,,,Denmark,Blue Technology
Data & AI,Port-Side Analytics,2018,Emerging,https://bluecargo.io,Provider of predictive analytics for port operations,Seed,"3,150,000",USA,BlueCargo
CO2 Transparency,CO2 Tracking,2016,Existing,https://bluefield.co,Building micro-satellites for methane tracking,Seed,"250,004",USA,Bluefield
Business Model Innovation,Freight Orchestration,2018,Distant,https://bluextrade.com,Online platform for ocean cargo booking,Funded,,Taiwan,BlueX
Data & AI,Fleet Utilization,2015,Existing,https://boatpilot.me,Provides marine navigation solutions for leisure boats,,,,BoatPilot
Business Model Innovation,Freight Orchestration,2018,Distant,https://bookairfreight.com,Online platform for booking air freights,Seed,"150,000",China,Booking Air Freight
Fuel & Efficiency,New Fuel Types,2010,Existing,https://borit.be,Provider of components for fuel cells and electrolyzers,Series A,"8,470,000",Belgium,Borit
Data & AI,Port-Side Analytics,2017,Existing,https://gdyxkk.com,Provider of solutions for managing terminal operations,Series A,"1,417,680",China,Box look
Business Model Innovation,Freight Orchestration,2018,Distant,https://boxxport.com,Online marketplace for shipping containers,Funded,,Germany,BOXXPORT
Fuel & Efficiency,New Fuel Types,2012,Existing,https://baileypowersystems.com,Technology solutions provider for hydrogen fuel cell,Seed,"25,000",USA,BPS
Fuel & Efficiency,New Fuel Types,2015,Existing,https://brambleenergy.com,Developer of proton exchange membrane based fuel cells,Seed,,England,Bramble Energy
Business Model Innovation,CO2 Reduction Monetization In Other Industries,2016,Distant,https://breathesciences.com/,Transform CO2 - Methanol,funded,,,Breathe
Business Model Innovation,Freight Orchestration,2013,Emerging,https://budguiden.se,Online marketplace for booking transportation service providers,Seed,"280,300",Sweden,Budguiden
Fuel & Efficiency,New Vessel Design,2014,Emerging,https://buffautomation.com,Technology that enables development of autonomous marine vessels,Seed,"900,000",USA,Buffalo Automation
"Carbon CS, offsetting & trading",Carbon Capture & Storage,2008,Existing,https://c-capture.co.uk,Developer of carbon capture technology,Series A,"4,575,650",England,C-Capture
"Carbon CS, offsetting & trading",CO2 Trading/Offsetting/Exchange,2017,Emerging,https://c4coin.org/,Cryptocurrency backed by carbon credits,Seed,"450,000",USA,C4Coin
Business Model Innovation,CO2 Reduction Monetization In Other Industries,2018,Distant,https://ccccx.net/en/index.asp,Transform CO2 - Chemicals,funded,,,C4X
"Carbon CS, offsetting & trading",Carbon Capture & Storage,2007,Existing,https://calera.com/,Carbon dioxide sequestration,Series B,"26,000,000",USA,Calera
Data & AI,Fleet Utilization,2016,Emerging,https://capellaspace.com,Provides Imaging services through constellation of small satellites,Series B,"78,123,773",USA,Capella Space
"Carbon CS, offsetting & trading",Carbon Capture & Storage,2009,Existing,https://carboncleansolutions.com/,Carbondioxide capture solvent technology provider,Series B,"22,240,000",India,Carbon Clean Solutions
"Carbon CS, offsetting & trading",Carbon Capture & Storage,2009,Existing,https://carbonengineering.com/,Developers of CO2 capture technologies from air,Series B,"115,000,000",England,Carbon Engineering
"Carbon CS, offsetting & trading",Carbon Capture & Storage,2009,Existing,https://climeworks.com,Designs and manufactures devices for extracting carbon dioxide from ambient air,Series C,"36,353,600",Switzerland,Climeworks
"Infrastructure, vessel & Asset efficiency",Energy & Equipment Management,2010,Existing,https://carbonlighthouse.com,Energy efficiency measures for buildings,Series B,"59,600,000",USA,Carbon Lighthouse
"Carbon CS, offsetting & trading",Carbon Capture & Storage,2008,Existing,https://ioncleanenergy.com/,Developer of CO2 capture technologies,Funded,,USA,ION Engineering
"Carbon CS, offsetting & trading",CO2 Upcycling,2016,Emerging,https://carbonfreechem.com,Carbon capture technology to convert flue gases to solid usable products,Funded,,USA,Carbonfree Chemicals
"Carbon CS, offsetting & trading",Carbon Capture & Storage,2013,Emerging,https://carbonoro.com,Carbon dioxide capture from gases using amines,Funded,,Netherlands,CarbonOrO
"Carbon CS, offsetting & trading",CO2 Trading/Offsetting/Exchange,2011,Existing,https://carbonstop.net,"Carbon emission management solution provider: carbon account, software, exchange",Funded,,China,Carbonstop
Data & AI,Fleet Utilization,2013,Emerging,https://cargox.com.br,Online marketplace for freight transportation services,Series D,"95,000,000",Brazil,Cargo X
Business Model Innovation,Freight Orchestration,2017,Emerging,https://cargo.one,Online marketplace for air freight forwarding services,Seed,"3,200,000",Germany,cargo.one
Business Model Innovation,Freight Orchestration,2013,Emerging,https://cargobase.com,Air freight marketplace,Seed,"450,000",Singapore,Cargobase
Data & AI,Fleet Utilization,2016,Existing,https://cargobot.io,Online marketplace for shippers and road carriers,Series A,"5,193,810",USA,CargoBot
Business Model Innovation,Freight Orchestration,2018,Distant,https://thecargocoin.com,Decentralized marketplace for freight shipping services,Funded,,England,CargoCoin
Business Model Innovation,Freight Orchestration,2012,Emerging,https://cargohound.com,Reverse auction based marketplace,Seed,"800,000",Australia,Cargohound
"Infrastructure, vessel & Asset efficiency",In-Port Vessel Time Reduction,2017,Distant,https://cargomate.co.uk,Cargo management solution for ports,Seed,"660,145",England,CargoMate
Data & AI,Fleet Utilization,2010,Existing,https://cargometrics.com,Offers technology and method development for measuring maritime trade and in other fields,funded,,,CargoMetrics
Fuel & Efficiency,New Fuel Types,2011,Existing,https://cellaenergy.com,Makes hydrogen storage systems,Seed,"1,767,000",England,Cella Energy
Fuel & Efficiency,Energy Efficiency & Storage,2012,Existing,https://cenergist.com,Turnkey solutions for energy and water efficiency,Seed,"584,218",England,Cenergist
Fuel & Efficiency,New Fuel Types,2014,Existing,https://ceragen.org,Solid Oxide Fuel cell developers,Seed,,Germany,Ceragen
Fuel & Efficiency,Energy Efficiency & Storage,2015,Existing,https://cereustechnology.com,Fuel efficient combustion technology for engines,Seed,,Netherlands,Cereus Technology
Fuel & Efficiency,New Fuel Types,2018,Existing,https://cfs.energy,Tokamak nuclear fusion reactors developer,Series A,"179,594,246",USA,CFS
Fuel & Efficiency,New Fuel Types,2013,Emerging,https://cgon.co.uk,Hydrogen fuel cells,Seed,"258,751",England,Cgon
Fuel & Efficiency,Energy Efficiency & Storage,2013,Distant,https://chakratec.com,Flywheel storage system,Series C,"7,600,000",Israel,Chakratec
Business Model Innovation,Freight Orchestration,2017,Emerging,https://cheap2ship.com,Online platform for booking multi-modal freight transportation,Funded,,Brazil,Cheap2Ship
Business Model Innovation,Freight Orchestration,2009,Existing,https://cheapcargo.com,Online marketplace for booking freight carriers,Acquired,,Netherlands,CheapCargo
Data & AI,Fleet Utilization,2015,Existing,https://chemanman.com,Online freight marketplace with TMS offering,Series B,"21,395,500",China,Chemanman
"Carbon CS, offsetting & trading",CO2 Trading/Offsetting/Exchange,2017,Emerging,https://chooose.today/,Cryptocurrency platform provider backed by CO2 emission permits,Seed,"4,000,000",Norway,CHOOOSE
Business Model Innovation,Freight Orchestration,2014,Emerging,https://chuanlaoda.cn,Online marketplace for freight transporters through ships,Series A,"4,700,000",China,Chuanlaoda
"Carbon CS, offsetting & trading",Carbon Capture & Storage,2010,Existing,https://cleano2.ca,Residential carbon capture device,Funded,,Canada,CleanO2 Carbon Capture Technologies
"Infrastructure, vessel & Asset efficiency",In-Port Vessel Time Reduction,2015,Emerging,https://clearmetal.com,Analytics platform for container shipping industry,Series B,"31,000,000",USA,Clear Metal
Fuel & Efficiency,New Fuel Types,2015,Emerging,https://clearcellpower.com,Fuel cell project developers,Seed,"631,000",USA,ClearCell Power
Fuel & Efficiency,Energy Efficiency & Storage,2016,Existing,https://clearflameengines.com,Renewable fuel drop in engine with more power and less soot and better efficiency,Seed,,USA,ClearFlame Engines
Business Model Innovation,Green Freight,2019,Distant,https://climateneutral.org/,Green certification for consumers and carbon footprint pricing,,,,Climate Neutral
Fuel & Efficiency,Energy Efficiency & Storage,2011,Existing,https://climeon.com,Industrial and geothermal waste heat recovery product,Seed,,Sweden,Climeon
"Carbon CS, offsetting & trading",Carbon Capture & Storage,2012,Emerging,https://moftechnologies.com,"Nanomaterials for a low carbon world, CO2 adsorption properties",Series A,"1,820,000",England,MOF Technologies
Business Model Innovation,Freight Orchestration,2016,Emerging,https://cogoport.com,Online platform for shipping freight internationally,Series A,"14,381,350",India,CogoPort
Data & AI,Fleet Utilization,2016,Existing,https://cogostech.com,Intra-city freight transportation aggregator,Seed,"1,000,000",India,Cogos Technologies
Business Model Innovation,Freight Orchestration,2015,Emerging,https://coloadx.com,B2B ocean freight marketplace,Seed,"40,000",USA,CoLoadX
Fuel & Efficiency,New Vessel Design,2012,Existing,https://commsignia.com,Vehice to vehicle and infrastructure systems suppliers,Series A,"12,048,307",Hungary,Commsignia
CO2 Transparency,Blockchain For CO2 Provenance,2017,Existing,https://conjoule.de,P2P Energy marketplace to connect producers and consumers,Series A,"5,127,800",Germany,Conjoule
Data & AI,Fleet Utilization,2012,Existing,https://contguard.com,Cargo and shipment monitoring company,funded,,,Contguard
Business Model Innovation,Freight Orchestration,2017,Emerging,https://convelio.com,Tech-enabled freight forwarder for fine art shipping services,Series A,"12,022,140",France,Convelio
"Carbon CS, offsetting & trading",CO2 Upcycling,2009,Existing,https://coolplanet.com,Technology provider to manufacture hydrocarbon fuels and biocarbon products,Series E,"182,496,043",USA,Cool Planet
Fuel & Efficiency,Energy Efficiency & Storage,2014,Emerging,https://cool4sea.com,Energy saving solutions for maritime industry,Seed,"433,000",Denmark,Cool4sea
Data & AI,Digital twin,2010,Existing,https://cosmotech.com,Augmented intelligence software for utility asset optimization and infrastructure planning application,Series B,"29,250,000",France,Cosmo Tech
Fuel & Efficiency,Energy Efficiency & Storage,2013,Emerging,https://cozynergy.com,Energy renovation services to increase energy savings,Series A,"6,000,000",France,Cozynergy
Fuel & Efficiency,Energy Efficiency & Storage,2018,Emerging,https://crusoeenergy.com,Offers energy saving services to oil industries to operate more efficiently,Series A,"34,500,000",USA,Crusoe Energy
Business Model Innovation,Freight Orchestration,2014,Emerging,https://cruxsystems.com,Real-time container tracking,Acquired,"200,000",USA,Crux Systems
Fuel & Efficiency,Energy Efficiency & Storage,2010,Existing,https://ctecenergy.co.uk,Electricity from waste heat recovery,Series A,,England,CTEC Energy
"Carbon CS, offsetting & trading",CO2 Upcycling,2014,Existing,https://carboncontinuum.com,Carbon nanotubes from carbon emissions,Funded,,India,Carbon Continnum
"Infrastructure, vessel & Asset efficiency",Alternative Energy,2015,Emerging,https://daretech.ie,Portable wind turbines for marine use,Seed,"55,000",Ireland,Dare Technology
Data & AI,Fleet Utilization,2017,Distant,https://dav.network,Blockchain-based platform for the transportation industry,Series A,"24,000,000",Switzerland,DAV
"Infrastructure, vessel & Asset efficiency",Alternative Energy,2015,Existing,https://degroenestroomfabriek.nl,Produces solar & wind energy,Seed,,Netherlands,De Groene Stroomfabriek
Business Model Innovation,Green Freight,2011,Existing,https://dearman.co.uk,Liquid nitrogen engine technology,Series B,"26,536,000",England,Dearman
Data & AI,Fleet Utilization,2018,Emerging,https://deepblueglobe.eu,AI based navigation for maritime,,,Germany,Deep Blue Globe
Data & AI,Fleet Utilization,2017,Emerging,https://deepsea.ai,Integrated solutions for AI-enabled vessel monitoring & management,,,,DeepSea
Data & AI,Fleet Utilization,2013,Existing,https://deliver.ru,Online marketplace for freight transportation,Seed,"15,500,000",Russia,Deliver
"Infrastructure, vessel & Asset efficiency",Energy & Equipment Management,2012,Existing,https://delphisonic.com,Hardware and software provider for industrial equipment and conditions monitoring,Seed,,Turkey,DelphiSonic
CO2 Transparency,Blockchain For CO2 Provenance,2012,Emerging,https://depsys.ch,Integrated solution provider for power grid management,Series B,"18,253,762",Switzerland,DEPsys
Business Model Innovation,Freight Orchestration,2017,Distant,https://dexfreight.io,Collaborative decentralized freight marketplace,Seed,"50,000",USA,dexFreight
Business Model Innovation,Freight Orchestration,2014,Emerging,https://dgnote.com,Digital freight forwarding platform,Seed,"324,450",India,DgNote
Data & AI,Digital twin,2013,Emerging,https://dizmo.com,Integration Platform-as-a-Service for microservices integration,Seed,"2,000,000",Switzerland,Dizmo
"Infrastructure, vessel & Asset efficiency",Alternative Energy,2017,Emerging,https://dutchmarineenergy.com,Developer of marine energy projects,Seed,,Netherlands,DMEC
"Infrastructure, vessel & Asset efficiency",Energy & Equipment Management,2015,Emerging,https://dynamon.co.uk,Fuel saving solution for the logistics industry,Funded,,England,Dynamon
Data & AI,Port-Side Analytics,2005,Existing,https://e-ports.com,Online platform for port services,Series A,,China,E-PORTS
Business Model Innovation,Freight Orchestration,2017,Emerging,https://e2log.com,Online marketplace for door-to-door ocean freight transportation services,Seed,"1,749,999",USA,e2log
Data & AI,Fleet Utilization,2008,Existing,https://www.easymarine.it/index.html,AI Fleet Management,,,,Easy Marine
CO2 Transparency,CO2 Labelling,2008,Emerging,https://eaternity.org,Software to measure carbon footprint of a meal,Funded,,Switzerland,Eaternity
Data & AI,Digital twin,2017,Distant,https://echo.aero,Provider of software services and solutions for aviation interior products,Seed,,Germany,Echo Aero
Fuel & Efficiency,Energy Efficiency & Storage,2007,Existing,https://echogen.com,Waste heat recovery system for industrial applications,Seed,,USA,Echogen Power Systems
Fuel & Efficiency,New Fuel Types,2015,Existing,https://ecolectro.com,Low cost Fuel Cell Membrane developer,Seed,,USA,Ecolectro
Data & AI,Fleet Utilization,2017,Existing,https://ecotruck.vn,Online marketplace for freight transportation services,Seed,"2,000,000",Vietnam,EcoTruck
Business Model Innovation,Freight Orchestration,2018,Emerging,https://efret.tn,Online marketplace for freight transportation services,Funded,,Tunisia,eFret.tn
CO2 Transparency,CO2 Tracking,2017,Existing,https://electrify.asia,Elecrticity marketplace on blockchain,Seed,,Singapore,Electrify
"Carbon CS, offsetting & trading",Carbon Capture & Storage,2010,Emerging,https://electrochaea.com,Technology developer for converting electric power and carbondioxide to methane,Series A,"250,000",Germany,Electrochaea
CO2 Transparency,Blockchain For CO2 Provenance,2015,Existing,https://electron.org.uk,Ethereum blockchain platform for smart grid,Seed,"1,457,700",England,Electron
Fuel & Efficiency,New Fuel Types,2010,Existing,https://e1na.com,"Makes hydrogen generator, fuel reformer.",Seed,"949,987",USA,Element 1
Data & AI,Digital twin,2014,Emerging,https://elementanalytics.com,Acoustics based condition monitoring and digital twin solutions,Series A,"26,500,000",USA,Element Analytics
Fuel & Efficiency,New Fuel Types,2018,Emerging,https://eliciusenergy.com,Technology solutions provider for hydrogen fuel cells,Seed,,India,Elicius
Fuel & Efficiency,Energy Efficiency & Storage,2015,Emerging,https://elmodis.com,Machine Monitoring platform,Series A,"5,150,000",Poland,Elmodis
"Infrastructure, vessel & Asset efficiency",Drones,2016,Emerging,https://elroyair.com,Developer of autonomous aircraft systems for delivery purposes,Seed,"13,800,000",USA,Elroy Air
CO2 Transparency,CO2 Tracking,2009,Existing,https://emisense.com,Manufactures emissions sensors for use in vehicles,Series C,"9,500,000",USA,EmiSense
"Infrastructure, vessel & Asset efficiency",Energy & Equipment Management,2016,Emerging,https://emsys-maritime.com,Manufacturer of marine emissions monitoring systems,Funded,,England,Emsys Maritime
Fuel & Efficiency,Energy Efficiency & Storage,2017,Emerging,https://enapter.com,Electrolyser-based grid energy storage system,Funded,,Germany,Enapter
"Infrastructure, vessel & Asset efficiency",Crew Incentivisation,2015,Emerging,https://engagedly.com,Performance management software for enterprises,Funded,,USA,Engagedly
"Infrastructure, vessel & Asset efficiency",Alternative Energy,2011,Existing,https://enhancedenergygroup.com,Renewables and Environment company,Seed,"250,000",USA,Enhanced Energy Group
Fuel & Efficiency,Energy Efficiency & Storage,2005,Distant,https://eniram.fi,Fuel saving system for maritime vessels,Acquired,"6,500,000",Finland,Eniram
"Carbon CS, offsetting & trading",CO2 Upcycling,2015,Emerging,https://enobraq.com,Providing solution to convert co2 to chemicals,Series A,"3,710,920",France,EnobraQ’s
"Infrastructure, vessel & Asset efficiency",Alternative Energy,2011,Existing,https://enowenergy.com,Renewable energy solutions for mobility purpose,Series A,"5,300,000",USA,eNow Energy
Fuel & Efficiency,Energy Efficiency & Storage,2010,Existing,https://enverid.com,Energy saving HVAC solutions,Series B,"14,601,825",USA,enVerid
Data & AI,Fleet Utilization,2015,Emerging,https://e-odyn.com,Data set provider to manage ocean dynamics,Seed,"657,084",France,eOdyn
Data & AI,Fleet Utilization,2019,Existing,https://equll.co,Online marketplace for drayage trucking services,Seed,"30,000",USA,Equll
Fuel & Efficiency,New Fuel Types,2012,Existing,https://ergosup.com,Electrochemical system developer for hydrogen generation,Series A,"18,300,000",France,Ergosup
"Infrastructure, vessel & Asset efficiency",Alternative Energy,2010,Existing,https://etagen.com,Linear generator which drive magnets through copper coils to produce electricity,Series C,"133,000,000",USA,EtaGen
Fuel & Efficiency,New Fuel Types,2019,Distant,https://everfuel.de,Hydrogen-based fueling solutions provider,Funded,,Denmark,Everfuel
Data & AI,Fleet Utilization,2016,Existing,https://everoad.com,Online marketplace for booking trucking carriers,Series A,"20,304,400",France,Everoad
Fuel & Efficiency,New Vessel Design,2018,Distant,https://evoy.no,Manufacturer of marine electric propulsion systems,Seed,"221,274",Norway,Evoy
"Infrastructure, vessel & Asset efficiency",Energy & Equipment Management,2014,Emerging,https://exilator.com,Marine exhaust system for ships with proprietary filter,Funded,,USA,Exilator
Fuel & Efficiency,Energy Efficiency & Storage,2009,Existing,https://exoes.com,Developer of an exhaust heat recovery technology designed to convert heat into electricity,Seed,"2,733,700",France,Exoes
Business Model Innovation,Freight Orchestration,2016,Distant,https://expeditor.pro,Online forwarding platform for freight transportation,Seed,"32,818",Russia,Expeditor.pro
Business Model Innovation,Freight Orchestration,2014,Emerging,https://explect.com,Tech-enabled multi-modal freight forwarder,Funded,,Netherlands,Explect
Business Model Innovation,Freight Orchestration,2016,Emerging,https://explorate.co,Upcoming online marketplace for ocean transportation,Funded,,Australia,Explorate
Business Model Innovation,Freight Orchestration,2012,Existing,https://eyesonfreight.com,The logistics and supply chain marketpalce,Funded,,USA,Eyes On Freight
Business Model Innovation,Freight Orchestration,2015,Existing,https://ezcarry.com,Online marketplace for international logistics services,Series A,"18,800,000",China,ezcarry
Data & AI,Fleet Utilization,2016,Existing,https://ezyhaul.com,Cloud-based market platform for booking freight transportation services,Series B,"21,840,000",Singapore,EZYHAUL
Business Model Innovation,Freight Orchestration,2019,Distant,https://f-drones.com/,transportation services to deliver supplies to ships and offshore platforms at zero emissions vs. 2.5kg for helicopter or 5kg for launch boat,,,Singapore,F-drones
"Infrastructure, vessel & Asset efficiency",Drones,2019,Emerging,https://f-drones.com,Developer of autonomous electric delivery drones for maritime logistics,Funded,,Singapore,F-drones
Fuel & Efficiency,Energy Efficiency & Storage,2016,Existing,https://faradaygrid.com,Autonomous and responsive transformer like solution,Seed,"32,530,000",England,Faraday Grid
"Infrastructure, vessel & Asset efficiency",Vessel Flow Efficiency,2014,Emerging,https://smartgreenshipping.com/fastrigs/,sail powered shipping,,,,Fastrigs
Fuel & Efficiency,New Fuel Types,2016,Existing,https://fenergy.com.cn,Manufacturer of hydrogen fuel cells and solar power systems,Seed,,China,Fengyuan Innovation
Fuel & Efficiency,New Fuel Types,2011,Existing,https://firstlightfusion.com,Pulse-powered nuclear fusion process developer,Series B,"35,400,000",England,First Light Fusion
Fuel & Efficiency,New Fuel Types,2014,Existing,https://firstelementfuel.com,Hydrogen refueling station network,Series A,"24,000,000",USA,FirstElement Fuel
Business Model Innovation,Freight Orchestration,2014,Existing,https://tryfleet.com,Tech-enabled freight forwarder,Series A,"14,000,000",USA,Fleet
Business Model Innovation,Freight Orchestration,2013,Emerging,https://flexport.com,Online freight forwarder,Series E,"1,304,000,000",USA,Flexport
"Infrastructure, vessel & Asset efficiency",Drones,2014,Existing,https://flightwave.aero,Manufacturer of Unmanned Aerial Systems,Seed,,USA,FlightWave Aerospace
Data & AI,Fleet Utilization,2015,Existing,https://flockfreight.com,Online marketplace for LTL freight transportation services,Series B,"90,000,000",USA,Flock Freight
Fuel & Efficiency,New Vessel Design,2016,Existing,https://fluxmarine.com,Developer of zero emissions electric boat motors,Seed,,USA,Flux Marine
Fuel & Efficiency,Energy Efficiency & Storage,2011,Existing,https://forseepower.com,Manufacturer of lithium battery systems for e-vehicles and electronic gadgets,Series B,"64,612,500",France,Forsee Power
Data & AI,Port-Side Analytics,2000,Existing,https://fortigo.com,SaaS solutions for logistics process optimization,Funded,,USA,Fortigo
Data & AI,Fleet Utilization,2015,Existing,https://fr8star.com,Online freight transport marketplace focused on open deck loads,Series A,"13,600,000",USA,Fr8star
Data & AI,Fleet Utilization,2014,Existing,https://freightexchange.com.au,Instant access to loads and customers,Seed,"80,000",Australia,Freight Exchange
Data & AI,Fleet Utilization,2016,Existing,https://freightbro.com,Cloud based software solutions for freight forwarders,Seed,"579,559",India,Freightbro
"Infrastructure, vessel & Asset efficiency",Vessel Flow Efficiency,2017,Emerging,https://freightfish.io,Developer of hydrofoiling ships for transportation of consumer goods,Seed,,New Zealand,FreightFish
Business Model Innovation,Freight Orchestration,2016,Emerging,https://freighthub.com,Tech-enabled freight forwarder,Series B,"53,364,380",Germany,FreightHub
Business Model Innovation,Freight Orchestration,2018,Distant,https://freightol.com,Online marketplace for freight forwarding services,Funded,,Spain,Freightol
Business Model Innovation,Switching Transport Mode,2012,Existing,https://freightos.com,Online marketplace for freight transportation,Series C,"92,710,000",USA,Freightos
Data & AI,Fleet Utilization,2015,Existing,https://freightw.com,Web-based ERP solution for freight forwarders,Funded,,Pakistan,FreightWaves
Business Model Innovation,Freight Orchestration,2015,Emerging,https://freightwalla.com,Yet-to-launch product for international freight logistics,Series A,"4,804,500",India,Freightwalla
Fuel & Efficiency,New Fuel Types,2012,Existing,https://fces.de,Fuel Cell based power plant developer,Funded,,Germany,FuelCell Energy Solutions
"Infrastructure, vessel & Asset efficiency",Energy & Equipment Management,2017,Emerging,https://fuelsave.io,Provider of fuel management & optimization solutions,Seed,"556,690",Portugal,FuelSave
Fuel & Efficiency,Energy Efficiency & Storage,2012,Existing,https://fuelsave-global.com,"Provides designing, development, testing & deployment of efficiency technology",Seed,,Germany,Fuelsave Global
"Infrastructure, vessel & Asset efficiency",Alternative Energy,2012,Existing,https://fullsunpv.com,Concentrated PV module developer,Seed,,England,Fullsun Photovoltaics
Data & AI,Fleet Utilization,2014,Existing,https://fuyoukache.com,Online marketplace platform for long haul trucking,Series D,"270,000,000",China,Fuyoukache
Data & AI,Fleet Utilization,2010,Existing,https://g-ils.com,Sales and marketing SaaS offerings for freight forwarders,Funded,,USA,G-ils
Data & AI,Fleet Utilization,2006,Emerging,https://g7.com.cn,Logistics fleet management and tracking tools,Series D,"510,000,000",China,G7
Data & AI,Digital twin,2015,Distant,https://gaia.in,IoT solutions and services companies providing solutions for smart cities and other industrial clients,Seed,"805,032",India,Gaia
"Infrastructure, vessel & Asset efficiency",In-Port Vessel Time Reduction,2015,Emerging,https://geekplus.com.cn,Warehouse automation robots,Series C,"382,191,820",China,Geek+
Business Model Innovation,Freight Orchestration,2013,Existing,https://gencomex.com,Platform to discover and book international freight,Funded,,Argentina,Gencomex
Data & AI,5G Connectivity,2016,Distant,https://genrad.io,Developer of 3D radar technology for autonomous vehicles,Funded,,USA,General Radar
Data & AI,Digital twin,2016,Distant,https://geopi.pe,Provider of virtual reality solution,Seed,,USA,Geopi
CO2 Transparency,CO2 Tracking,2011,Existing,https://ghgsat.com,Greenhouse gas emission monitoring and analysis service provider,Series A,"20,000,000",Canada,GHGSat
"Carbon CS, offsetting & trading",Carbon Capture & Storage,2010,Existing,https://globalthermostat.com/,Technology to capture carbon from atmosphere or industrial stacks,Funded,,USA,Global Thermostat
Business Model Innovation,Freight Orchestration,2013,Emerging,https://globatom.com,Online freight forwarder,Seed,"985,000",USA,Globatom
Data & AI,Fleet Utilization,2015,Existing,https://gobolt.in,Online marketplace for freight transport,Series A,"6,237,044",India,GoBOLT
Business Model Innovation,Freight Orchestration,2015,Emerging,https://gocomet.in,Online portal for freight booking and forwarding.,Series A,"2,511,123",India,GoComet
Business Model Innovation,Freight Orchestration,2016,Emerging,https://haoyunhu56.com,Online marketplace for freight transportation,Series A,"7,000,000",China,Good Luck Tiger
"Carbon CS, offsetting & trading",CO2 Upcycling,2016,Distant,https://graviky.com,Technology products related to air pollution,Seed,"119,000",India,Graviky
"Carbon CS, offsetting & trading",Carbon Capture & Storage,2014,Emerging,https://greencitysolutions.de/en/,Green wall which captures CO2,Funded,,Germany,Green City Solutions
CO2 Transparency,CO2 Tracking,2014,Existing,https://greenseaguard.com,Emission monitoring systems for marine applications,Seed,"96,218",England,Green Sea Guard
Fuel & Efficiency,Energy Efficiency & Storage,2006,Existing,https://greensteam.com,Fuel efficiency solutions for commercial marine vessels,Seed,"2,000,000",Denmark,GreenSteam
Fuel & Efficiency,Energy Efficiency & Storage,2017,Emerging,https://greenstorc.com,Low-heat geothermal to energy and industrial waste heat recovery,Seed,"1,756,050",England,Greenstorc
"Infrastructure, vessel & Asset efficiency",In-Port Vessel Time Reduction,2011,Existing,https://greyorange.com,Develops warehouse automation robots,Series C,"179,386,780",India,GreyOrange
CO2 Transparency,Blockchain For CO2 Provenance,2016,Existing,https://gridsingularity.com,Decentralized Energy data exchange platform,Funded,,Austria,Grid Singularity
Data & AI,Fleet Utilization,2015,Existing,https://gridfreight.com,Software solution for the logistics industry,Seed,,United Arab Emirates,Grid Supply Chain
Fuel & Efficiency,Energy Efficiency & Storage,2010,Existing,https://gridless.com,Battery pack for off-grid applications,Seed,"1,165,103",USA,Gridless Power
CO2 Transparency,CO2 Tracking,2010,Existing,https://gridx.com,Financial Operating System for Decentralized Energy Markets,Funded,,USA,GridX
"Infrastructure, vessel & Asset efficiency",Alternative Energy,2011,Existing,https://growenergy.org,Algae photo bioreactors for residential and commercial applications,Series B,,USA,Grow Energy
Data & AI,Digital twin,2015,Distant,https://grr-ithm.com,AI based digital twin platform provider for healthcare,Seed,"437,502",USA,Grr-ithm
Fuel & Efficiency,New Fuel Types,2017,Emerging,https://grz-technologies.com,Hydrogen storage solution for renewable energy projects,Seed,"29,426",Switzerland,GRZ Technologies
"Infrastructure, vessel & Asset efficiency",Vessel Flow Efficiency,2017,Emerging,https://xuantuliao.com,Service provider of coatings and paint,Seed,,China,Guangzhou Zibao Technology
Data & AI,Fleet Utilization,2008,Existing,https://huochebang.cn,Online marketplace for trucking services,Series A,"150,000,000",China,Guiyang Trucks Technology
Business Model Innovation,Freight Orchestration,2013,Emerging,https://gurucargo.com,"Marketplace for booking air, land & ocean freight",Seed,"750,000",Uruguay,Gurucargo
Fuel & Efficiency,New Fuel Types,2010,Existing,https://h2energynow.com,Hydrogen generation using radio waves,Seed,"75,000",Israel,H2 Energy Now
Fuel & Efficiency,New Fuel Types,2019,Distant,https://h2pro.co,Developer of a technology for producing hydrogen from water,Seed,"279,497",Israel,H2PRO
Fuel & Efficiency,New Fuel Types,2018,Distant,https://h2store.tech,Developer of hydrogen hydride storage batteries,Series A,"3,500,000",Australia,H2Store
Fuel & Efficiency,New Vessel Design,2015,Existing,https://h55.ch,Provides technology solutions for air transport,Seed,,Switzerland,H55
CO2 Transparency,CO2 Tracking,2009,Existing,https://heatremotesensing.com,Provider of emission testing solutions for the industries,Seed,"875,000",USA,Hager Environmental & Atmospheric Technologies
Business Model Innovation,Freight Orchestration,2016,Emerging,https://hakovo.com,Online marketplace for ocean shipping,Seed,,Singapore,Hakovo
Business Model Innovation,Freight Orchestration,2018,Distant,https://handship.es,Online marketplace for booking freights,Funded,,Spain,HandShip
Data & AI,Digital twin,2017,Distant,https://harperdb.io,"Schema-less, high scale database for both unstructured and structured data",Series A,"4,220,849",USA,HarperDB
Data & AI,Fleet Utilization,2017,Existing,https://haulio.io,Collaborative marketplace for booking trucking services,Seed,"802,784",Singapore,Haulio
Business Model Innovation,Freight Orchestration,2014,Existing,https://haveninc.com,Marketplace for ocean freight,Series A,"19,178,446",USA,Haven
Data & AI,Fleet Utilization,2015,Existing,https://he360.com,Track and monitor global transportation networks / maritime risk assessment and tracking,funded,,,HawkEye 360
Fuel & Efficiency,New Vessel Design,2018,Distant,https://heartaerospace.com,Manufacturer of electric airplanes,Seed,"2,095,680",Sweden,Heart Aerospace
Fuel & Efficiency,Energy Efficiency & Storage,2017,Emerging,https://heatventors.com,Provider of heat energy storage systems,Series A,"177,168",Hungary,HeatVentors
Data & AI,Fleet Utilization,2018,Existing,https://hefringmarine.com,Analytics solution for maritime operators,funded,,,Hefring Marine
"Infrastructure, vessel & Asset efficiency",Drones,2014,Emerging,https://heliceo.com,Builds UAVs and UAV systems,Seed,"1,630,800",France,Hélicéo
Fuel & Efficiency,Energy Efficiency & Storage,2010,Existing,https://heliexpower.com,Waste heat and steam to clean electricity,Series B,"13,994,370",England,Heliex Power
Fuel & Efficiency,New Fuel Types,2013,Existing,https://helionenergy.com,Magnetic-nuclear fusion reactor developer,Series B,"12,100,000",USA,Helion Energy
Data & AI,Digital twin,2017,Distant,https://heliosiot.com,Provider of solar power plant performance analytics solutions,Funded,,India,Helios
Data & AI,Digital twin,2016,Distant,https://holobuilder.com,Webeditor to create VR experiences,Seed,"2,300,000",USA,HoloBuilder
"Infrastructure, vessel & Asset efficiency",Alternative Energy,2015,Emerging,https://hoverenergy.com,Maglev Wind Turbine developer,Seed,"710,000",USA,Hover Energy
"Infrastructure, vessel & Asset efficiency",Crew Incentivisation,2017,Emerging,https://humu.com,Employee productivity and retention solution,Series B,"70,534,995",USA,Humu
Data & AI,Fleet Utilization,2011,Existing,https://56qq.com,Mobile app based freight transporters marketplace,Series B,"382,000,000",China,Huochebang
Business Model Innovation,Freight Orchestration,2015,Emerging,https://huoner.com,Online booking platform for air cargo,Seed,,China,Huoner
Fuel & Efficiency,New Fuel Types,2019,Distant,https://hydrogen-es.com,Provider of hydrogen energy system,Funded,,Cyprus,Hydrogen Energy Systems
Fuel & Efficiency,New Fuel Types,2013,Existing,https://hydrogenious.net,Large scale Hydrogen storage providers,Series A,"18,949,000",Germany,Hydrogenious Technologies
Fuel & Efficiency,Energy Efficiency & Storage,2010,Existing,https://hydrostor.ca,Underwater Compressed Air Energy Storage,Series B,"37,000,000",Canada,Hydrostor
Fuel & Efficiency,Energy Efficiency & Storage,2015,Existing,https://hyliion.com,Regenerative braking based add-on hybrid solution for trucks and trailers,Series A,"46,800,000",USA,Hyliion
Fuel & Efficiency,New Fuel Types,2014,Existing,https://hylium-industries.com,Manufacturer of liquid hydrogen and liquid storage vessels,Seed,,South Korea,Hylium Industries
Business Model Innovation,Green Freight,2017,Emerging,https://hyon.no,Provider of hydrogen production and storage solutions,Funded,,Norway,Hyon
"Infrastructure, vessel & Asset efficiency",Alternative Energy,2014,Emerging,https://coldfromheat.com,Provider of cooling solutions from waste solar heat,Seed,"2,100,000",USA,HyperBorean
Fuel & Efficiency,New Fuel Types,2015,Emerging,https://hysilabs.com,Technology developer for safe storage and transportation of hydrogen,Series A,"2,236,500",France,HySiLabs
Business Model Innovation,Freight Orchestration,2007,Existing,https://icontainers.com,Online freight forwarder providing door to door shipping,Series C,"9,188,905",Spain,iContainers
Data & AI,Fleet Utilization,2001,Existing,https://idea-sba.com,Fleet management solution for vessels,,,,Idea Sba
Business Model Innovation,Freight Orchestration,2015,Emerging,https://iletscargo.com,Online platform for finding quotes from air and sea transporters,Seed,"700,000",Taiwan,Ilets Cargo
Data & AI,Digital twin,2014,Existing,https://imerso.com,Cloud-based 3D scanning app for businesses,Seed,"2,000,000",Norway,Imerso
"Infrastructure, vessel & Asset efficiency",Drones,2016,Emerging,https://impossible.aero,Developer of long-range electric quadcopter drone,Series A,"11,000,000",USA,Impossible Aerospace
Business Model Innovation,CO2 Reduction Monetization In Other Industries,2019,Distant,https://impossiblelabs.io/,Concrete and flexible products made out of CO2,,,,Impossible Labs
"Infrastructure, vessel & Asset efficiency",Alternative Energy,2013,Existing,https://impulse-technology.com,"Nanofabrication, MEMS design and ultra thin film characterization of nanomaterials.",Seed,"25,000",USA,Impulse Technology
Data & AI,Digital twin,2017,Distant,https://indus.ai,Digital twin platform for construction,Series A,"11,700,000",USA,Indus AI
Data & AI,Fleet Utilization,2017,Distant,https://infante.space,Developer of microsatellite for maritime applications,,,,INFANTE
"Carbon CS, offsetting & trading",CO2 Upcycling,2014,Existing,https://infinitreellc.com/,"tool designed to sequester harmful greenhouse gases and repurpose captured CO2 as a feedstock for greenhouse atmosphere enrichment, effectively increasing greenhouse crop yields and resource efficiency while simultaneously reducing CO2 levels in our atmosphere.",,,,Infinitree
"Infrastructure, vessel & Asset efficiency",Drones,2015,Emerging,https://innno.net,Provides unmanned aerial vehicles to industries,Series A,"2,898,270",China,Inno
"Infrastructure, vessel & Asset efficiency",Alternative Energy,2015,Emerging,https://insolight.ch,High efficiency CPV solar cells developer,Seed,"2,723,015",Switzerland,Insolight
"Infrastructure, vessel & Asset efficiency",Energy & Equipment Management,2008,Existing,https://intelligenteco.com,Fuel consumption saving technology,Funded,,Chile,Intelligent Eco Solutions
Business Model Innovation,Freight Orchestration,2000,Existing,https://inttra.com,International cargo-booking portal,Acquired,"89,500,000",USA,Inttra
Data & AI,Digital twin,2012,Distant,https://invicara.com,Cloud-based collaborative BIM data quality checker,Series A,"10,000,000",USA,Invicara
"Carbon CS, offsetting & trading",CO2 Upcycling,2007,Existing,https://carboncure.com,"Developer of green concrete technologies: carbon dioxide (CO2) is retrieved from CO2 emitters and input into ready mix concrete and concrete masonry products, where the the CO2 becomes chemically converted into a mineral",Series D,"88,309,570",Canada,CarbonCure
Fuel & Efficiency,Fuel Additives,2013,Emerging,https://ionada.com,Manufacturer and supplier of exhaust gas cleaning systems,Funded,,Canada,ionada
Data & AI,Digital twin,2014,Distant,https://iotic-labs.com,Environment & virtual space to enable data exchange of IoT applications,Series A,"8,369,040",England,Iotic Labs
Data & AI,5G Connectivity,2013,Existing,https://isotropicsystems.com,Satellite communication antennas provider,Series A,"20,122,501",England,Isotropic Systems
Fuel & Efficiency,Energy Efficiency & Storage,2011,Existing,https://jinhe-energy.com,Manufacturer of heat storage materials and systems,Series A,,China,Jinhe Energy
Data & AI,Digital twin,2014,Existing,https://kaarta.com,Real-time 3D mapping and localization solutions,Series A,"6,645,822",USA,Kaarta
Data & AI,Fleet Utilization,2018,Existing,https://kargo.tech,Online marketplace for freight transportation services,Seed,"7,600,000",Indonesia,Kargo
Data & AI,Demand & Supply Prediction,2016,Emerging,https://kayrros.com,Predictive analytics for oil and gas industry,Series B,"37,367,200",France,Kayrros
"Infrastructure, vessel & Asset efficiency",Drones,2013,Existing,https://kespry.com,Commercial drone systems,Series D,"61,350,000",USA,Kespry
"Infrastructure, vessel & Asset efficiency",Alternative Energy,2011,Existing,https://kps.energy,Airborne wind turbine manufacturer,Series A,"6,341,750",England,Kite Power Solutions
Data & AI,Fleet Utilization,2017,Existing,https://klavenessdigital.com,AI-enabled software solutions for the maritime logistics industry,,,,Klaveness Digital
Data & AI,Fleet Utilization,2011,Existing,https://knlnetworks.com,Provides IoT focused maritime telecommunication,funded,,,KNL Networks
Business Model Innovation,Freight Orchestration,2014,Emerging,https://kontainers.com,Freight Forwarder for container shipping,Seed,"1,444,000",England,Kontainers
Fuel & Efficiency,Energy Efficiency & Storage,2013,Emerging,https://kulrtechnology.com,Carbon fibre-based heat exchange and thermal management technology developer,Seed,"1,157,000",USA,KULR Technology
"Infrastructure, vessel & Asset efficiency",Alternative Energy,2016,Emerging,https://kumbaya.co,Developer of solar charging solution,Seed,"600,000",USA,Kumbaya
Data & AI,5G Connectivity,2012,Existing,https://kymetacorp.com,Electronic beamforming antenna for satellite communications,Series E,"217,600,000",USA,Kymeta
Business Model Innovation,Freight Orchestration,2017,Emerging,https://ladingo.com,Online platform for e-tailers to book ocean shipping services,Seed,"1,000,000",Israel,Ladingo
"Carbon CS, offsetting & trading",CO2 Upcycling,2017,Existing,https://daphnetechnology.com,Nanotechnology based solution for air pollution control,funded,,,Daphne Technology
Fuel & Efficiency,New Fuel Types,2013,Existing,https://leadcold.com,Lead-cooled Nuclear reactor systems,Series B,"218,000,000",Sweden,LeadCold Reactors
"Infrastructure, vessel & Asset efficiency",In-Port Vessel Time Reduction,2013,Existing,https://leap-india.com,"Provider of transportation, inventory management, supply chain,and returnable packaging solutions",Series C,"61,402,700",India,Leap India
Business Model Innovation,Freight Orchestration,2014,Emerging,https://letscargo.cn,Air and ocean freight booking platform,Funded,,China,LetsCargo
Data & AI,Fleet Utilization,2013,Existing,https://lineten.com,End-to-end back-office management solutions for multi-channel retailers,Seed,"4,632,400",England,Lineten
Data & AI,Digital twin,2014,Distant,https://liradolf.com,Cloud- based solutions for manufacturing sector,Seed,"54,462",India,Liradolf
Data & AI,Digital twin,2010,Distant,https://livingmap.com,Mapping services provider,Series A,"4,689,680",England,Living Map
Data & AI,Digital twin,2015,Distant,https://llamazoo.com,Interactive online platform anatomy learning,Funded,"500,000",Canada,LlamaZOO
CO2 Transparency,Blockchain For CO2 Provenance,2012,Existing,https://lo3Energy.com,Blockchain technology for microgrids,Series A,"5,761,156",USA,LO3 Energy
Data & AI,Fleet Utilization,2016,Existing,https://loadfox.eu,Online platform for booking road freight services,Funded,,Germany,LoadFox
Data & AI,Fleet Utilization,2007,Existing,https://locussoftware.com,Software solutions provider for freight forwarders and NVOCCs,Funded,,England,Locus Software
Fuel & Efficiency,New Fuel Types,2014,Emerging,https://log9materials.com,Nanomaterials manufacturing and R&D,Series A,"4,870,970",India,Log9materials
Data & AI,Fleet Utilization,2017,Existing,https://logivan.com,Online market platform connecting shippers and carriers,Series A,"7,900,000",Vietnam,LOGIVAN
Data & AI,Fleet Utilization,2014,Existing,https://loji.com,Marketplace connecting truckers and shippers,Series B,"129,746,955",China,Loji
"Infrastructure, vessel & Asset efficiency",Drones,2017,Distant,https://lorenztechnology.com,Provider of drone-based security and inspection services to enterprises,Funded,,Denmark,Lorenz Technology
Business Model Innovation,Freight Orchestration,2013,Emerging,https://lotebox.com,Maritime sales software with focus on utilizing extra container spaces on shipping lines,Seed,"100,000",Brazil,Lotebox
Data & AI,Digital twin,2016,Distant,https://luminousgroup.co.uk,Develops VR based interactive architecture visualization solutions,Seed,"850,876",England,Luminous Group
"Infrastructure, vessel & Asset efficiency",Energy & Equipment Management,2017,Distant,https://lunewave.com,Antenna and radar sensor technology developer,Seed,"3,750,000",USA,Lunewave
Business Model Innovation,Freight Orchestration,2014,Emerging,https://lvmae.com,Online freight transport marketplace,Seed,"1,600,000",China,Lvmae
"Infrastructure, vessel & Asset efficiency",Alternative Energy,2011,Existing,https://magnuss.com,Wind-based sailing system for ship propulsion,Funded,,USA,Magnuss
Data & AI,Port-Side Analytics,2016,Existing,https://maindeck.io,Online platform connecting ship managers and dockyards,Funded,,Norway,Maindeck
Data & AI,Fleet Utilization,2013,Existing,https://maninnovation.com,Software solutions for logistics,Funded,,Thailand,Man Innovation
Data & AI,Fleet Utilization,2017,Existing,https://manbangbang.com,Online marketplace for road freight transportation,Funded,"1,900,000,000",China,ManBang
"Infrastructure, vessel & Asset efficiency",Energy & Equipment Management,2014,Emerging,https://marimetrics.com,Limited information available,Funded,,Canada,Marimetrics
Data & AI,Fleet Utilization,2011,Existing,https://fishpoints.net,Application for marine navigation tbc commercial application,,,,Marine Navigation
"Infrastructure, vessel & Asset efficiency",Energy & Equipment Management,2002,Emerging,https://marorka.com,Energy Management System for ocean vessels,Acquired,,Iceland,Marorka
Data & AI,Demand & Supply Prediction,2003,Existing,https://maslog.com.my,SaaS provider for logistics solutions,Seed,,Malaysia,Maslog IT Solutions
Data & AI,Digital twin,2011,Emerging,https://matterport.com,Camera for creating 3D Models of interior spaces,Series D,"114,000,000",USA,Matterport
Fuel & Efficiency,Energy Efficiency & Storage,2011,Existing,https://meinengenergy.com,Flow battery based energy storage system developer,Series A,"12,800,000",China,Meineng Energy
Data & AI,5G Connectivity,2017,Emerging,https://metawave.co,Smart radar and 5G antenna systems provider,Series A,"17,000,000",USA,Metawave
"Infrastructure, vessel & Asset efficiency",Energy & Equipment Management,2013,Existing,https://metronlab.com,Provider of energy performance monitoring solutions for industries,Series A,"22,730,700",France,METRON
Data & AI,5G Connectivity,2005,Distant,https://mightyworks.co.kr,Audio processing thechnology,Funded,,South Korea,MightyWorks
Data & AI,Digital twin,2013,Distant,https://miris.no,Digital twin platform for smart building,Funded,,Norway,MIRIS
Business Model Innovation,Freight Orchestration,2015,Emerging,https://mizzenit.com,Spot marketplace for containerised shipping,Seed,"1,000,000",Australia,MizzenIt
Fuel & Efficiency,Energy Efficiency & Storage,2015,Existing,https://modernelectron.com,Heat to energy technology solutions provider,Series A,"10,000,000",USA,Modern Electron
Business Model Innovation,Freight Orchestration,2015,Emerging,https://modugo.com,Online marketplace for modular buildings,Funded,,USA,ModuGo
"Carbon CS, offsetting & trading",CO2 Upcycling,2005,Existing,https://lanzatech.com,Technology developer and Bioethanol manufacturer,Series E,"289,300,000",USA,LanzaTech
Fuel & Efficiency,New Fuel Types,2013,Emerging,https://moltexenergy.com,Molten Salt reactor technology developer,Funded,,England,Moltex Energy
"Infrastructure, vessel & Asset efficiency",Alternative Energy,2017,Emerging,https://momentus.space,Developer of in-space rockets powered by water plasma engines,Series A,"34,000,000",USA,Momentus Space
"Carbon CS, offsetting & trading",Carbon Capture & Storage,2016,Emerging,https://mosaicmaterials.com/,"focused on developing advanced materials for gas separation. The company uses Metal-organic frameworks (MOFs), which are porous solids, for selectively capturing CO2 from gases. Partnering with Exxon to capture carbon at emission source",Seed,,USA,Mosaic Materials
"Infrastructure, vessel & Asset efficiency",Alternative Energy,2012,Existing,https://autonautusv.com,Developed a wave propelled USV,Series A,,England,MOST Autonomous Vessels
Fuel & Efficiency,New Vessel Design,2016,Emerging,https://mothership.aero,Manufacture of autonomous,Seed,"1,774,965",USA,​Mothership Aeronautics
Data & AI,5G Connectivity,2000,Existing,https://motia.com,Wireless semiconductor and system level products,Series C,"17,000,000",USA,Motia
"Infrastructure, vessel & Asset efficiency",Crew Incentivisation,2016,Emerging,https://motivatingsystems.com,Workplace rewards management solutions,Seed,"1,500,000",USA,Motivating Systems
Data & AI,5G Connectivity,2016,Emerging,https://movandi.com,5G antenna solutions with beamforming technology,Series B,"39,500,021",USA,Movandi
Data & AI,Fleet Utilization,2000,Emerging,https://mp-objects.com,SaaS-based solution for end-to-end logistics & supply chain management,Series A,"10,000,000",USA,MPO
Fuel & Efficiency,Fuel Additives,2010,Existing,https://nanol.eu,Manufacturer of lubricant nano-additive component for fuels,Seed,,Finland,Nanol
"Infrastructure, vessel & Asset efficiency",Alternative Energy,2018,Distant,https://nanotechengineeringinc.com,Developer of nanotechnology-based PV systems,Series A,"3,684,550",USA,Nanotech Engineering
"Infrastructure, vessel & Asset efficiency",Alternative Energy,2017,Distant,https://napro.com.pe,Developer of renewable energy projects,Series A,"2,500,000",Peru,NAPRO
"Infrastructure, vessel & Asset efficiency",Drones,2015,Existing,https://natilus.co,Develops a large unmanned aerial vehicle for cargo transport,Seed,,USA,Natilus
"Carbon CS, offsetting & trading",CO2 Trading/Offsetting/Exchange,2000,Existing,https://nativeenergy.com/,Provides carbon offset software,Series A,"12,579,052",USA,NativeEnergy
"Infrastructure, vessel & Asset efficiency",Energy & Equipment Management,2006,Existing,https://fueltrax.com,Marine fuel management systems,Funded,,USA,Nautical Control Solutions
Data & AI,Vessel Flow Efficiency,2016,Emerging,https://nautiluslabs.co,Big data analytics for maritime vessel operations,Series A,"14,500,000",USA,Nautilus Labs
Data & AI,Fleet Utilization,2017,Existing,https://nautoshark.com,Develops software application and tools for maritime,,,,NautoShark
Data & AI,Port-Side Analytics,2015,Existing,https://navalport.com,Software solutions for ports/terminals,Funded,,Brazil,Navalport
Data & AI,Digital twin,2013,Existing,https://navvis.com,Develops digital twin powered indoor navigation solution for enterprises,Series C,"43,700,000",Germany,NavVis
"Infrastructure, vessel & Asset efficiency",Vessel Flow Efficiency,2012,Existing,https://nbdnano.com,Developing enhanced condensation and anti-wetting surface coatings,Series B,"14,408,000",USA,NBD Nanotechnology
Data & AI,Demand & Supply Prediction,2014,Emerging,https://neewee.ai,IoT-based analytics solutions provider,Series A,"3,544,484",India,Neewee
Data & AI,Fleet Utilization,2018,Existing,https://neptunenavigation.co.uk,Provider of navigation software solution,,,,Neptune Navigation
Fuel & Efficiency,Energy Efficiency & Storage,2018,Distant,https://nept.io,Provider of robotic solution for inspection of cargo ship hulls,Seed,"55,000",China,Neptune Robotics
"Carbon CS, offsetting & trading",CO2 Upcycling,2007,Existing,https://newskyenergy.com,Waste streams to valuable chemicals technology developer,Funded,,USA,New Sky Energy
Business Model Innovation,Freight Orchestration,2014,Existing,https://nyshex.com,Online marketplace for ocean freight,Series A,"15,311,541",USA,New York Shipping Exchange
Fuel & Efficiency,New Vessel Design,2002,Existing,https://newlight.com,Developed a new plastic material using methane based green house gases.,Series D,"70,784,242",United States,Newlight
Business Model Innovation,CO2 Reduction Monetization In Other Industries,2002,Existing,https://newlight.com/,Transform CO2 - bioplastic,Series D,"70,800,000",USA,Newlight Technologies
Data & AI,Fleet Utilization,2016,Emerging,https://ngaviation.eu,Not maritime - Developer of data handling software for aeronautical information management,,,,NG Aviation
Data & AI,Port-Side Analytics,2005,Existing,https://cargogm.com,SaaS-based freight management solutions,Series A,"20,000,000",China,Ningbo Dazhang
"Infrastructure, vessel & Asset efficiency",Vessel Flow Efficiency,2012,Existing,https://norsepower.com,Provider of cargo vessel auxiliary wind propulsion systems to reduce fuel consumption,Series A,"14,842,300",Finland,Norsepower
Fuel & Efficiency,New Vessel Design,2015,Emerging,https://notiloplus.com,Provider of autonomous underwater robotic solution for consumer and industrial use,Series A,"2,227,500",France,Notilo Plus
"Carbon CS, offsetting & trading",CO2 Upcycling,2018,Distant,https://novonutrients.com,Developer of bio-production platform to transform carbon dioxide into useful products,Seed,"250,000",USA,NovoNutrients
Business Model Innovation,Freight Orchestration,2018,Distant,https://nowports.com,AI-based tech-enabled freight forwarder,Seed,"5,450,000",Mexico,Nowports
Fuel & Efficiency,Energy Efficiency & Storage,2012,Existing,https://nrstor.com,Energy storage project developer,Series A,"11,000,000",Canada,NRStor
Business Model Innovation,Freight Orchestration,2019,Distant,https://nuvocargo.com,Tech-enabled freight forwarder,Seed,"120,000",USA,Nuvocargo
Fuel & Efficiency,Fuel Additives,2010,Emerging,https://oberonfuels.com,Produce variants of Dimethyl ether( an alternative for biodiesel),Seed,"595,155",USA,Oberon Fuels
Business Model Innovation,Freight Orchestration,2015,Emerging,https://theofe.com,Online marketplace for ocean freight transportation,Funded,,USA,Ocean Freight Exchange
"Infrastructure, vessel & Asset efficiency",Alternative Energy,2013,Existing,https://offgridbox.com,Off-grid power solution developer using solar energy,Seed,"2,315,000",USA,Off Grid Box
Fuel & Efficiency,New Fuel Types,2013,Emerging,https://oklo.com,Emission free Nuclear Fission Generator,Seed,"120,000",USA,Oklo
Business Model Innovation,Freight Orchestration,2002,Existing,https://olymtech.com,SaaS solution and marketplace for freight forwarders,Series B,"34,267,500",China,OlymTech
Fuel & Efficiency,New Fuel Types,2014,Emerging,https://onescientific.com,Fuel cell technology developer,Seed,"476,566",USA,One Scientific
Data & AI,Fleet Utilization,2016,Existing,https://ontruck.com,Online marketplace for on-demand trucking services,Series B,"41,109,640",Spain,OnTruck
Fuel & Efficiency,Energy Efficiency & Storage,2012,Existing,https://onvectorllc.com,Developer of plasma-based wastewater treatment technology,Seed,,USA,Onvector
Business Model Innovation,Freight Orchestration,2015,Emerging,https://openport.com,Supply chain management solutions for enterprises,Series A,"1,100,000",China,OpenPort
Business Model Innovation,Freight Orchestration,2015,Emerging,https://opensea.pro,Marketplace for ship chartering,Funded,,England,OpenSeaPro
Data & AI,Fleet Utilization,2016,Existing,https://optimalogistic.com,Trucking marketplace,Seed,,Tunisia,OptimaLogistics
"Infrastructure, vessel & Asset efficiency",In-Port Vessel Time Reduction,2012,Existing,https://orangeev.com,Electric terminal trucks for industrial applications,Seed,"150,000",USA,Orange EV
Data & AI,Fleet Utilization,2018,Emerging,https://orca-ai.io,AI-enabled navigation solution for the maritime industry,funded,,,Orca AI
Fuel & Efficiency,Energy Efficiency & Storage,2008,Existing,https://orcan-energy.com,Provider of waste heat recovery and energy generation systems,Series C,,Germany,Orcan Energy
Fuel & Efficiency,Energy Efficiency & Storage,2016,Existing,https://otego.de,Patented printed thermoelectric generator,Seed,,Germany,Otego
Data & AI,Fleet Utilization,2016,Existing,https://over-haul.com,Mobile-based freight marketplace for the trucking industry,Series A,"12,132,348",USA,Overhaul
Business Model Innovation,Freight Orchestration,2017,Emerging,https://ovrsea.com,Tech-enabled multimodal freight forwarder,Seed,"2,180,700",France,OVRSEA
Fuel & Efficiency,Energy Efficiency & Storage,2016,Emerging,https://oxtoenergy.com,Flywheel energy storage system,Seed,"17,647",England,Oxto Energy
Data & AI,Fleet Utilization,2015,Existing,https://pamyra.de,Online marketplace for trucks and vans,Seed,,Germany,Pamyra
Fuel & Efficiency,Energy Efficiency & Storage,2018,Distant,https://paritygo.com,Platform for reducing energy consumption,Series A,"3,726,120",Canada,Parity
"Infrastructure, vessel & Asset efficiency",Drones,2017,Distant,https://passerineaircraft.com,Developer of VTOL aircraft,Seed,"120,000",South Africa,Passerine Aircraft Corporation
Data & AI,Digital twin,2014,Distant,https://passive-logic.com,Platform to automate the lifecycle of a smart building,Funded,,USA,PassiveLogic
Fuel & Efficiency,Energy Efficiency & Storage,2012,Existing,https://paxpure.com,Low temperature boiling solution for water desalination,Seed,"50,000",USA,PAX Pure
"Infrastructure, vessel & Asset efficiency",Energy & Equipment Management,2011,Existing,https://peloton-tech.com,"Vehicle system for safety, fuel savings and analytics to trucking fleets",Series B,"84,716,921",USA,Peloton Tech
Fuel & Efficiency,Energy Efficiency & Storage,2011,Existing,https://phasechange.com,Developer of thermal energy storage and heating products,Series B,"186,777",USA,Phase Change Energy Solutions
"Carbon CS, offsetting & trading",CO2 Upcycling,2009,Emerging,https://phytonix.com/,"industrial biotechnology company which produces biofuels from carbon dioxide. Through its patented technology, the company will initially produce biobutanol and biopentanol to replace gasoline",Seed,"3,000,000",USA,Phytonix
"Infrastructure, vessel & Asset efficiency",Alternative Energy,2013,Existing,https://picasolar.com,Technology developer for solar cell efficiency improvement,Seed,"1,300,000",USA,Picasolar
Data & AI,5G Connectivity,2016,Existing,https://pivotalcommware.com,Software-defined antenna provider,Series B,"72,749,998",USA,Pivotal Commware
"Infrastructure, vessel & Asset efficiency",Vessel Flow Efficiency,2015,Emerging,https://plasmastreamtech.com,Product for reducing drag in automobiles,Seed,"460,000",USA,Plasma Stream Technologies
Business Model Innovation,Switching Transport Mode,2008,Existing,https://portlogisticsgroup.com,Third party logistics service provider,Acquired,,USA,Port Logistics Group
Data & AI,Port-Side Analytics,2015,Existing,https://portcall.com,Software solution for port management,Funded,,USA,Portcall
Data & AI,Fleet Utilization,2014,Existing,https://poseidonnavigation.com,Provider of navigation services,,,,Poseidon Navigation
CO2 Transparency,Blockchain For CO2 Provenance,2016,Existing,https://powerledger.io,P2P Energy trading platform,Seed,,Australia,Power Ledger
"Infrastructure, vessel & Asset efficiency",Alternative Energy,2014,Emerging,https://powidian.com,Energy solutions for remote areas,Seed,"2,000,000",France,PowiDian
Data & AI,Digital twin,2015,Existing,https://pratititech.com,Provider of digital twin technology for solar plants,Funded,,India,Pratititech
Fuel & Efficiency,New Vessel Design,2015,Emerging,https://primelightworks.com,Electric propulsion systems for space satellites,Seed,"120,000",USA,Prime Lightworks
"Infrastructure, vessel & Asset efficiency",Energy & Equipment Management,2016,Emerging,https://prognostic.io,Provider of a cognitive diagnostics & decisions engine,Seed,"17,357",England,Prognostic
Business Model Innovation,Switching Transport Mode,2005,Existing,https://progressivelogistics.com,Logistics services provider,Funded,,USA,Progressive Logistics
Fuel & Efficiency,Energy Efficiency & Storage,2014,Emerging,https://prometheanenergy.com,Waste heat recovery products for industrial purposes,Seed,"485,443",India,Promethean Energy
"Carbon CS, offsetting & trading",CO2 Upcycling,2018,Distant,https://prometheusfuels.com/,remove carbon dioxide from air and turn it into gasoline,,,USA,Prometheus Fuels
"Infrastructure, vessel & Asset efficiency",Energy & Equipment Management,2012,Existing,https://psikick.com,Energy harvesting SoCs for IoT,Series B,"36,594,521",USA,PsiKick
Fuel & Efficiency,New Vessel Design,2011,Existing,https://purewatercraft.com,Developer of electric boats,Series A,"10,135,000",USA,Pure Watercraft
"Infrastructure, vessel & Asset efficiency",Alternative Energy,2015,Emerging,https://pytheas-technology.com,Power take off unit for wave energy converters,Seed,"1,729,180",France,PYTHEAS Technology
Business Model Innovation,Freight Orchestration,2004,Existing,https://qafila.com,Provides tech-enabled freight forwarders,Funded,,United Arab Emirates,Qafila
"Infrastructure, vessel & Asset efficiency",Alternative Energy,2014,Emerging,https://qdsolarinc.com,Develops PV cells using colloidal quantum dot technology,Series A,"1,910,000",Canada,QD Solar
"Infrastructure, vessel & Asset efficiency",Energy & Equipment Management,2014,Emerging,https://qivalon.de,Fuel planning and management solutions for commercial fleets,Funded,,Germany,Qivalon
Data & AI,Fleet Utilization,2006,Emerging,https://qidtech.com,Cloud Logistics Solutions for Intelligent Enterprises,Series A,"3,540,000",USA,QuantumID Technologies
Data & AI,Fleet Utilization,2015,Existing,https://quicargo.com,App-based freight marketplace,Series A,"5,079,930",Netherlands,Quicargo
"Infrastructure, vessel & Asset efficiency",Vessel Operations Optimization,2012,Existing,https://radiantfleet.com,SaaS for ship and voyage management,,,,RadiantFleet
Data & AI,5G Connectivity,2014,Emerging,https://reachlabs.co,Wireless charging solution,Series A,"120,000",USA,Reachlabs
Fuel & Efficiency,Energy Efficiency & Storage,2012,Existing,https://rebound-tech.com,Energy efficient Thermal cycle technology developer,Series A,"9,026,043",USA,Rebound Technologies
"Carbon CS, offsetting & trading",CO2 Upcycling,2011,Emerging,https://recarboninc.com,"Offers scalable, energy efficient solution to turn waste CO2 into valuable gases",Series A,"7,000,000",USA,ReCarbon
CO2 Transparency,Blockchain For CO2 Provenance,2018,Existing,https://redi.io,Blockchain-based data marketplace for the Energy industry,Funded,,South Korea,REDi
"Infrastructure, vessel & Asset efficiency",Alternative Energy,2011,Existing,https://redwaveenergy.com,Energy generation from IR,Series B,"17,707,498",USA,RedWave Energy
Fuel & Efficiency,New Fuel Types,2014,Existing,https://rencat.net,Ammonia to Hydrogen generation technology developer for PEM Fuel Cell,Seed,,Denmark,RenCat Power
"Carbon CS, offsetting & trading",CO2 Trading/Offsetting/Exchange,2018,Distant,https://rensti.dk,Project enabling members to compensate for their CO2 emissions,Funded,,Denmark,RenSti
Data & AI,Digital twin,2011,Existing,https://rescale.com,Scientific and engineering simulation through cloud-based HPC,Series B,"81,699,998",USA,Rescale
Data & AI,Fleet Utilization,2016,Existing,https://revmax.io,Autonomous vehicle fleet management system,Seed,"60,000",USA,Revmax
CO2 Transparency,CO2 Tracking,2016,Emerging,https://right-basedonscience.de,Provider of software solutions to calculate the contribution to climate change,Seed,,Germany,right. based on science
Data & AI,Fleet Utilization,2018,Existing,https://ritase.com,Online marketplace for freight transportation services,Series A,"12,900,000",Indonesia,Ritase.com
Fuel & Efficiency,New Fuel Types,2013,Emerging,https://riversimple.com,Hydrogen fuel cell powered car,Seed,"2,373,397",England,Riversimple
Fuel & Efficiency,Energy Efficiency & Storage,2014,Emerging,https://rklab.com,Provider of a unique breakthrough in fuel injection technology,Seed,"2,600,000",Switzerland,RKLAB
Data & AI,Others,2011,Emerging,https://roambee.com,Shipment monitoring and tracking service,Series B,"25,200,000",USA,Roambee
Data & AI,Vessel Operations Optimization,2012,Existing,https://rombit.be,IoT based solution for maritime operation management,funded,,,Rombit
"Infrastructure, vessel & Asset efficiency",In-Port Vessel Time Reduction,2014,Emerging,https://ronavi-robotics.ru,Developer of automated robots for warehouse automation,Funded,,Russia,Ronavi Robotics
"Infrastructure, vessel & Asset efficiency",Vessel Operations Optimization,2016,Emerging,https://rovco.com,Provider of ROVs and services,Series A,"7,051,109",England,Rovco
"Infrastructure, vessel & Asset efficiency",Drones,2016,Emerging,https://sabrewingaircraft.com,UAV designed for flying non-stop and un-refueled for up to 8800 Kilometers,Series A,"2,000,000",USA,Sabrewing Aircraft Company
"Infrastructure, vessel & Asset efficiency",Energy & Equipment Management,2010,Existing,https://safety-line.fr,Fuel Optimization and Safety Management for aviation industry,Series A,"3,894,000",France,Safety Line
Data & AI,Fleet Utilization,2004,Emerging,https://satguide.in,Road GPS maps and navigation software,Series A,"9,638,911",India,SatGuide
Business Model Innovation,Switching Transport Mode,2006,Existing,https://sdrtrans.com,Trucking & transportation company,Funded,,USA,SDR Trucking
Data & AI,Fleet Utilization,2019,Emerging,https://seadriveapp.com,Provide marine navigation app,,,,Sea Drive
"Infrastructure, vessel & Asset efficiency",Drones,2014,Emerging,https://sea-machines.com,Developers of Unmanned Surface Vehicles for industrial purposes,Series A,"12,475,738",USA,Sea Machines
Fuel & Efficiency,New Vessel Design,2015,Existing,https://seabubbles.fr,Developer of electric marine transport vehicle,Series B,"14,609,590",France,SeaBubbles
Data & AI,Digital twin,2012,Emerging,https://seebo.com,Cloud based digital twin platform for IoT products lifecycle management,Series A,"22,000,000",Israel,Seebo
Data & AI,Digital twin,2013,Emerging,https://seeq.com,Industrial data analytics,Series B,"79,807,072",USA,Seeq
Data & AI,Digital twin,2016,Distant,https://sensehawk.com,Data capture through aerial survey and cloud-based data analysis solutions,Series A,"2,354,371",USA,SenseHawk
Data & AI,Port-Side Analytics,2015,Emerging,https://guangyingsc.com,Provider SaaS-based solutions to the logistics industry,Funded,,China,Shanghai Guangying
Data & AI,Fleet Utilization,2017,Existing,https://duckbillscm.com,Online trucking marketplace for containerized cargo,Series A,"4,359,419",China,Shanghai Platypus Supply Chain Management
Data & AI,Vessel Operations Optimization,2014,Existing,https://lugou56.com,ERP and warehouse management software,Funded,,China,Shanghai Ziteng Information Technology
Business Model Innovation,Freight Orchestration,2018,Distant,https://yungehuo.com,Online marketplace for containerized cargo shipping services,Series A,"1,462,517",China,Shenzhen Very Cattle Logistics Technology
Data & AI,Fleet Utilization,2011,Existing,https://shipogre.com,Online marketplace for FTL & LTL trucking services,Seed,"1,100,000",USA,Ship OGRE
Business Model Innovation,Freight Orchestration,2011,Emerging,https://shiplify.com,Online ocean freight forwarder,Seed,"1,409,460",USA,Shiplify
Business Model Innovation,Freight Orchestration,2016,Distant,https://shiplyst.com,Online marketplace to compare and book ocean containers,Seed,"40,684",India,Shiplyst
Business Model Innovation,Freight Orchestration,2017,Emerging,https://shipnext.com,Blockchain-based digital shipping marketplace,Seed,,Singapore,ShipNEXT
Business Model Innovation,Freight Orchestration,2014,Emerging,https://shippabo.com,Expedia for Ocean Container Shipping,Seed,"1,800,000",USA,Shippabo
Business Model Innovation,Freight Orchestration,2016,Emerging,https://shippio.io,Carrier booking platform for shippers and freight forwarders,Series A,,Japan,Shippio
Business Model Innovation,Freight Orchestration,2013,Emerging,https://shippter.com,Reverse auction based freight marketplace,Seed,"40,000",Chile,Shippter
Business Model Innovation,Freight Orchestration,2015,Emerging,https://shipwise.co,Online freight forwarder,Seed,"15,000",Germany,Shipwise
"Infrastructure, vessel & Asset efficiency",Vessel Flow Efficiency,2014,Emerging,https://shipwright.biz/air-lubrication-systems,Drag reduction by airlube,,,USA,Shipwright
Fuel & Efficiency,New Vessel Design,2017,Emerging,https://shone.com,Provider of autonomous technologies to the maritime industry,Seed,"4,075,000",USA,Shone
Business Model Innovation,Freight Orchestration,2016,Emerging,https://shypple.com,Online freight platform,Seed,"1,972,420",Netherlands,Shypple
Data & AI,Digital twin,2012,Existing,https://sightmachine.com,Developer of a digital twin platform for manufacturing enterprises,Series C,"85,531,940",USA,Sight Machine
Business Model Innovation,Freight Orchestration,2014,Emerging,https://simpliship.com,"Freight marketplace between shippers and FFs, NVOCCs",Funded,,USA,SimpliShip
"Infrastructure, vessel & Asset efficiency",In-Port Vessel Time Reduction,2006,Existing,https://simplus.sg,SimPlus | Make smarter decisions,funded,,,SimPlus
"Infrastructure, vessel & Asset efficiency",Energy & Equipment Management,2011,Existing,https://simularity.com,Predictive analytics for anomaly detection,Seed,"150,000",USA,Simularity
Data & AI,Digital twin,2016,Emerging,https://sitesee.io,Cloud based remote asset monitoring solutions provider,Seed,,Australia,SiteSee
Business Model Innovation,CO2 Reduction Monetization In Other Industries,2019,Distant,https://skybaron.eco/,Consumer products made out of CO2,,,,Skybaron
Fuel & Efficiency,Energy Efficiency & Storage,2016,Existing,https://skycoolsystems.com,Radiative cooling systems,Seed,,USA,SkyCool Systems
Data & AI,Fleet Utilization,2017,Existing,https://skylo.tech,Provider of a satellite network solution for IoT connectivity,funded,,,Skylo
"Carbon CS, offsetting & trading",CO2 Upcycling,2017,Emerging,https://skymining.com/,Developer of CO2-to-fuel technology,Funded,,Sweden,Skymining
"Infrastructure, vessel & Asset efficiency",Drones,2016,Emerging,https://skyryse.com,Provides air mobility services,Series A,"38,000,000",USA,SkyRyse
"Carbon CS, offsetting & trading",Carbon Capture & Storage,2014,Emerging,https://skytree.eu,CO2 Extraction technology from air,Seed,"450,000",Netherlands,Skytree
"Infrastructure, vessel & Asset efficiency",Drones,2015,Emerging,https://skyx.com,Develops a VTOL drone and provides inspection services,Series B,"15,171,600",Canada,SkyX
Data & AI,Fleet Utilization,2016,Existing,https://slingshotaerospace.com,Artificial intelligence based data platform for aerospace applications,funded,,,Slingshot Aerospace
Data & AI,Fleet Utilization,2016,Existing,https://smarthop.co,Online platform connecting loads with trucks,Seed,,USA,Smarthop
Data & AI,5G Connectivity,2011,Existing,https://smartskynetworks.com,Provider of LTE-based in-flight connectivity solutions,Series B,"260,318,825",USA,SmartSky Networks
"Infrastructure, vessel & Asset efficiency",Alternative Energy,2015,Existing,https://sol-around.com,Manufactures bifacial PERT solar cells,Seed,,Israel,Sol-Around
Fuel & Efficiency,Energy Efficiency & Storage,2013,Existing,https://solabcool.com,Thermal based energy storage system developer,Seed,,Netherlands,SolabCool
"Carbon CS, offsetting & trading",CO2 Upcycling,2016,Existing,https://soletairpower.fi/,Turn buildings CO2 and H2O in fuel,funded,,,Soletair Power
"Carbon CS, offsetting & trading",CO2 Upcycling,2009,Existing,https://solidcarbonproducts.com,Waste carbon dioxide to carbon nanotubes & nanofiber production technology provider,Funded,,USA,Solid Carbon Products
"Carbon CS, offsetting & trading",CO2 Upcycling,2008,Existing,https://solidiatech.com/,"Solidia technologies sequesters CO2 by injecting it into concrete during the manufacturing process, transforming CO2 into a usable element as it helps in curing concrete and produces a more durable and flexible product",Series C,"27,000,000",USA,Solidiatech
Business Model Innovation,Freight Orchestration,2017,Emerging,https://getsote.com,AI-enabled collaborative marketplace for logistics services,Funded,,USA,Sote
"Infrastructure, vessel & Asset efficiency",Alternative Energy,2015,Emerging,https://soundenergy.info,Heating and cooling buildings with thermo acoustic energy conversion technology,Seed,"1,200,000",Netherlands,SoundEnergy
CO2 Transparency,CO2 Tracking,2019,Emerging,https://spacept.com,Provides infrastructure security solutions using satellite images,Seed,,Sweden,Spacept
Data & AI,Fleet Utilization,2012,Existing,https://spire.com,Satellite-powered data company,funded,,,Spire
Fuel & Efficiency,Energy Efficiency & Storage,2016,Emerging,https://stash.energy,Thermal energy storage technology developer,Seed,"1,003,633",Canada,Stash Energy
"Infrastructure, vessel & Asset efficiency",Alternative Energy,2016,Emerging,https://stratodynamics.ca,Manufacturer of lightweight wind turbines and monitoring systems,Seed,"30,000",Canada,Stratodynamics
"Carbon CS, offsetting & trading",CO2 Upcycling,2013,Emerging,https://stringbio.com,Synthetic biotechnology solutions for waste carbon recycling,Seed,"2,303,800",India,String Bio
Data & AI,Digital twin,2016,Existing,https://structionsite.com,Software to manage construction site documentation,Seed,"1,500,000",USA,StructionSite
Business Model Innovation,Freight Orchestration,2014,Emerging,https://sudu.io,Online marketplace for transportation of freight,Seed,"1,000,000",USA,Sudu
"Infrastructure, vessel & Asset efficiency",Alternative Energy,2011,Existing,https://sulasindustries.com,Develops sun trackers which are powered by the sun,Seed,"176,333",USA,Sulas Industries
"Carbon CS, offsetting & trading",CO2 Upcycling,2010,Existing,https://sunfire.de/en/,"Diverse solutions, which includes a Air Carbon Dioxide to fuel offering",funded,,,Sunfire
"Infrastructure, vessel & Asset efficiency",Alternative Energy,2011,Existing,https://sunna-design.com,Manufacturer of smart solar street lights,Series B,"17,683,700",France,Sunna Design
"Infrastructure, vessel & Asset efficiency",Alternative Energy,2013,Existing,https://suntechdrive.com,Manufacturer of solar products,Series A,,USA,SunTechDrive
"Infrastructure, vessel & Asset efficiency",Alternative Energy,2012,Existing,https://supercritical.tech,Compact power plants using supercritical carbon dioxide,Seed,"550,000",USA,SuperCritical Technologies
Data & AI,Fleet Utilization,2016,Existing,https://supplypike.com,Software solutions for logistics and supply chain management,Funded,,USA,SupplyPike
"Infrastructure, vessel & Asset efficiency",Alternative Energy,2012,Existing,https://sustainablemarine.com,Tidal energy turbine manufacturer,Series A,"11,332,400",England,Sustainable Marine Energy
"Carbon CS, offsetting & trading",Carbon Capture & Storage,2007,Existing,https://svanteinc.com/,Provider of carbon capture solutions from the air,Funded,,Canada,Svante - Ivantys
Data & AI,Vessel Flow Efficiency,2016,Existing,https://swarm.space,Satellite company providing global connectivity solution,funded,,,Swarm Technologies
Data & AI,Digital twin,2015,Distant,https://swim.ai,Analytics platform for processing sensor data in real time,Series B,"18,000,000",USA,Swim
Data & AI,Digital twin,2016,Existing,https://switchon.io,Load disaggregation software for utility customers,Seed,"1,015,318",India,Switchon
CO2 Transparency,Blockchain For CO2 Provenance,2017,Existing,https://swytch.io,Blockchain-based platform to track Energy,Series A,,USA,Swytch
Fuel & Efficiency,Fuel Additives,2000,Existing,https://sylvatex.com,Biomass based drop in fuel which can reduce emissions,Series A,,USA,Sylvatex
Fuel & Efficiency,New Fuel Types,2010,Existing,https://symbio.one,Developer of hydrogen fuel cell kits for electric vehicles,Series B,,France,Symbio
"Carbon CS, offsetting & trading",CO2 Upcycling,2016,Existing,https://synhelion.com/,Solar tower systems with proprietary high-temperature thermochemical processes for the production of solar fuels,,,,Synhelion
Data & AI,Fleet Utilization,2015,Existing,https://syntony-gnss.com,GNSS based location and navigation platform,funded,,,Syntony GNSS
Data & AI,Digital twin,2016,Distant,https://tada.today,Digital twin platform for business solutions,Series A,"3,450,000",USA,TADA
"Infrastructure, vessel & Asset efficiency",Vessel Flow Efficiency,2010,Existing,https://tamarackaero.com,Provider of aerodynamic and structural components,Series A,"28,796,763",USA,Tamarack Aerospace Group
"Carbon CS, offsetting & trading",Carbon Capture & Storage,2013,Emerging,https://tandemtechnical.com,Carbon capturing and recycling solution provider for industries,Funded,,Canada,Tandem Technical
Fuel & Efficiency,New Vessel Design,2012,Existing,https://tegma.no,Developer of thermoelectric generators,Funded,,Norway,TEGma
Data & AI,Digital twin,2017,Existing,https://teoform.com,Provider of digital twin platform to visualise BIM models,Seed,"1,394,840",China,Teoform
"Carbon CS, offsetting & trading",CO2 Trading/Offsetting/Exchange,2004,Existing,https://terrapass.com,Carbon offset and renewable energy certificates provider,Series A,,USA,Terrapass
Fuel & Efficiency,New Fuel Types,2013,Existing,https://terrestrialenergy.com,Developer of molten salt reactors,Series B,"35,890,490",Canada,Terrestrial Energy
Data & AI,Fleet Utilization,2015,Existing,https://teyuntong.com,Online freight transport marketplace,Funded,,China,Teyuntong
Data & AI,Fleet Utilization,2015,Existing,https://tgmatrix.com,Cloud-based algorithmic freight matching software,Series A,"5,155,542",England,TGMatrix
Fuel & Efficiency,Energy Efficiency & Storage,2012,Existing,https://tdho.eu,Fuel efficient and CO2 reduction technology for diesel engines,Funded,,Netherlands,The Dutch Hydroxide Organization
CO2 Transparency,Blockchain For CO2 Provenance,2014,Emerging,https://thesunexchange.com,Decentralized crowdsourcing based solar project investment platform,Seed,"3,207,564",South Africa,The Sun Exchange
"Infrastructure, vessel & Asset efficiency",Vessel Flow Efficiency,2013,Existing,https://seadrive.us,Dveloper of marine propulsion systems,Seed,"50,000",USA,The Vortex Seadrive
Fuel & Efficiency,Energy Efficiency & Storage,2014,Existing,https://thermasphera.com,Hydro-Pneumatic energy storage system developer,Seed,,Israel,ThermaSphera
"Infrastructure, vessel & Asset efficiency",In-Port Vessel Time Reduction,2017,Distant,https://throughput.world,Platform to identify bottlenecks using AI,Funded,,USA,Throughput
Data & AI,Digital twin,2017,Distant,https://tignis.com,Machine learning solutions,Series A,"7,405,922",USA,Tignis
Fuel & Efficiency,Energy Efficiency & Storage,2010,Existing,https://inertechsystems.com,Heat removal technology systems,Seed,,USA,tInertech Systems
"Infrastructure, vessel & Asset efficiency",Drones,2014,Emerging,https://tflighttech.com,Application-specific & cost effective commercial solutions of UAVs,Seed,"1,750,000",England,Top Flight Technologies
Business Model Innovation,Switching Transport Mode,2011,Existing,https://torqenergy.com,Provider of transportation and logistics services,Funded,"236,000,000",Canada,Torq Energy
Business Model Innovation,Freight Orchestration,2015,Emerging,https://tradlinx.com,Online comparison and marketplace platform for maritime logistics,Funded,,South Korea,Tradlinx
Fuel & Efficiency,New Fuel Types,2010,Existing,https://transatomicpower.com,A nuclear reactor design company,Series A,"9,231,294",USA,Transatomic
Data & AI,Fleet Utilization,2012,Existing,https://transfix.io,On demand load matching and booking platform,Series C,"79,000,000",USA,Transfix
Data & AI,Blockchain For CO2 Provenance,2017,Distant,https://transo.in,"Provider of a cloud, blockchain and IoT-based platform connecting shippers and carriers",Seed,,India,TRANSO
Business Model Innovation,Freight Orchestration,2012,Existing,https://transporteca.com,Sea freight booking portal for LCL shipping,Funded,,China,Transporteca
Data & AI,Fleet Utilization,2015,Existing,https://transporter.city,Yet-to-launch closed marketplace for intra-city freight transport,Seed,"145,439",India,Transporter
Data & AI,Fleet Utilization,2018,Existing,https://trelar.com,Online marketplace for for booking freight services,Seed,"2,100,000",USA,Trelar
Data & AI,Fleet Utilization,2018,Existing,https://trella.app,Online marketplace for freight transportation services,Seed,"750,000",Egypt,Trella
Data & AI,Fleet Utilization,2018,Existing,https://truckrtech.com,Online marketplace for freight transportation services,Seed,"100,000",Ghana,Truckr Technologies
Data & AI,5G Connectivity,2011,Existing,https://truepathwireless.com,Provider of base stations for wireless connectivity,Funded,,USA,TruePath Wireless
Data & AI,Fleet Utilization,2016,Existing,https://trukker.ae,Online aggregator of trucking services,Series A,"27,100,000",United Arab Emirates,TruKKer
Data & AI,Fleet Utilization,2017,Existing,https://trukkin.com,Online market platform for booking trucking services,Series A,"3,500,000",United Arab Emirates,Trukkin
Data & AI,Fleet Utilization,2015,Existing,https://trukky.com,Online marketplace for intercity freight transportation,Seed,"512,916",India,Trukky
Data & AI,Fleet Utilization,2014,Existing,https://truxnow.com,Integrated marketplace & management platform for dump trucks catering to construction logistics,Funded,"20,000,000",USA,TRUX
Data & AI,Fleet Utilization,2015,Existing,https://truxapp.com,Mobile app connecting shippers to logistics service providers,Series A,"6,002,526",India,Truxapp
Fuel & Efficiency,Energy Efficiency & Storage,2017,Existing,https://turbotech-aero.com,Developer of energy storage system for aircraft,Series A,,France,TURBOTECH
Data & AI,Demand & Supply Prediction,2014,Existing,https://turvo.com,Online platform for managing shipping and logistics operations,Series B,"100,000,000",USA,Turvo
Data & AI,Digital twin,2018,Emerging,https://twaice.com,Digital twin based battery data analytics and management platform,Seed,"3,638,870",Germany,TWAICE
Data & AI,Fleet Utilization,2013,Existing,https://ubixlabs.com,Data acquisition and predictive modelling solutions,funded,,,Ubix Labs
Fuel & Efficiency,New Fuel Types,2014,Emerging,https://ulemco.com,Manufacturer of commercial vehicles intended to offer ultra-low emission hydrogen-fueled vehicles,Funded,,England,ULEMCo
Fuel & Efficiency,Energy Efficiency & Storage,2011,Existing,https://uni-heat.com,Thermal energy storage solution provider,Series A,,Poland,Uniheat
"Infrastructure, vessel & Asset efficiency",Energy & Equipment Management,2015,Emerging,https://unitary.io,Analytics platform for industries for equipment performance management,Seed,"61,599",India,Unitary
Data & AI,Digital twin,2015,Distant,https://upchain.com,3D CAD viewer and data integration platform for manufacturing industry,Series A,"5,855,110",Canada,Upchain
"Infrastructure, vessel & Asset efficiency",Alternative Energy,2011,Existing,https://upriseenergy.com,Developers of offshore portable wind turbines,Seed,"750,000",USA,Uprise Energy
Data & AI,Digital twin,2013,Distant,https://urbanbase.com,3-D virtual staging of buildings,Series A,"2,800,000",South Korea,Urbanbase
CO2 Transparency,CO2 Tracking,2014,Existing,https://ursaspace.com,Geospatial maps and insights provider,Series B,"31,430,000",USA,Ursa Space Systems
Data & AI,Fleet Utilization,2004,Emerging,https://uship.com,Global online logistics transport marketplace,Series D,"51,810,000",USA,uShip
Fuel & Efficiency,New Fuel Types,2011,Existing,https://usnc.com,Developer of nuclear power plants,Series A,"17,398,650",USA,USNC
Business Model Innovation,Freight Orchestration,2016,Emerging,https://valueshipr.com,Multi-modal on-demand marketplace for logistics,Seed,"797,497",India,ValueShipr
Business Model Innovation,Freight Orchestration,2015,Emerging,https://vamaship.com,Logistics platform connecting suppliers with customers,Seed,,India,Vamaship
Data & AI,Digital twin,2014,Distant,https://veerum.com,Cloud-based digital twin platform for predictive maintenance during construction,Seed,"3,900,000",Canada,VEERUM
Business Model Innovation,Freight Orchestration,2015,Emerging,https://venditz.com,Software solutions provider for the logistics industry,Seed,"525,990",South Korea,Venditz
"Carbon CS, offsetting & trading",CO2 Trading/Offsetting/Exchange,2016,Emerging,https://veridium.io,Tokenized marketplace for carbon markets,Funded,,China,Veridium
Fuel & Efficiency,Energy Efficiency & Storage,2015,Emerging,https://vertrotors.com,Manufacturer of low-vibration Conical Rotary Compressors,Seed,"1,700,000",England,VERT Rotors
CO2 Transparency,CO2 Tracking,2018,Emerging,https://vlux.io,Cryptocurrency designed for P2P Energy trading platform,Seed,"344,430",England,Verv
Business Model Innovation,Freight Orchestration,2016,Emerging,https://vesselbot.com,Marketplace for charterers and vessel owners,Funded,,Greece,Vesselbot
Data & AI,Fleet Utilization,2015,Existing,https://vesselman.com,Cloud based dry docking management system,Funded,,Norway,Vesselman
CO2 Transparency,CO2 Tracking,2016,Emerging,https://solvewithvia.com,Application development platform for the Energy industry,Seed,"7,500,000",USA,VIA
Data & AI,Fleet Utilization,2017,Existing,https://viaopt.com,Collaboration and consolidation platform for the trucking industry,Seed,,USA,Viaopt
"Infrastructure, vessel & Asset efficiency",Energy & Equipment Management,2016,Emerging,https://vir2sense.com,Manufactures sensors for emission monitoring for automobile industry,Seed,"30,218",Switzerland,Vir2sense
Fuel & Efficiency,New Vessel Design,2009,Emerging,https://visedo.com,Electric drivetrains for heavy duty vehicles,Acquired,"24,400,000",Finland,Visedo Oy
"Infrastructure, vessel & Asset efficiency",Drones,2015,Emerging,https://flyvoly.com,Developer of VTOL drones for autonomous delivery purposes,Series A,"20,000,000",USA,Volans-i
"Infrastructure, vessel & Asset efficiency",Drones,2011,Existing,https://volocopter.com,Electric copters for urban mobility,Series C,"186,444,570",Germany,Volocopter
CO2 Transparency,Blockchain For CO2 Provenance,2016,Emerging,https://voltmarkets.com,Distribution marketplace for Decentralized RECs,Seed,,USA,Volt Markets
Data & AI,Demand & Supply Prediction,2016,Existing,https://vortexa.com,Provider of artificial intelligence based data processing service,Series A,"10,018,700",England,Vortexa
Data & AI,Fleet Utilization,2018,Existing,https://voyagerportal.com,Workflow management solutions for the maritime shipping industry,funded,,USA,Voyager
Fuel & Efficiency,New Fuel Types,2017,Emerging,https://w7energy.com,Hydrogen based fuel cell technology solutions provider,Seed,"1,000,000",USA,W7energy
"Infrastructure, vessel & Asset efficiency",Crew Incentivisation,2015,Emerging,https://walaplus.com,Employee appreciation software,Seed,"600,000",Saudi Arabia,WalaPlus
Fuel & Efficiency,New Fuel Types,2010,Existing,https://wattfuelcell.com,Develops and manufactures solid oxide fuel cell (SOFC) systems,Series B,"6,000,000",USA,Watt Fuel Cell
"Infrastructure, vessel & Asset efficiency",Vessel Flow Efficiency,2016,Emerging,https://wavefoil.com,Wavefoil - Retractable bow foils,funded,,,Wavefoil
Business Model Innovation,Switching Transport Mode,2015,Emerging,https://wayfindercorp.com,Proppant supplier for hydraulic fracturing,Funded,"2,460",Canada,Wayfinder
Data & AI,Vessel Flow Efficiency,2016,Emerging,https://we4sea.com,SaaS-based fuel monitoring solutions for marine industry,Seed,"426,688",Netherlands,We4Sea
CO2 Transparency,CO2 Tracking,2014,Existing,https://wenow.com,Provider of connected driving solutions for increased fuel efficiency,Seed,"1,445,050",France,WeNow
"Infrastructure, vessel & Asset efficiency",Vessel Flow Efficiency,2013,Existing,https://windshiptechnology.com/,sail powered shipping,,,England,Windship technology
Data & AI,Fleet Utilization,2010,Distant,https://wnwd.com,Maritime data analytics platform,Series C,"38,900,000",Israel,Windward
Data & AI,Digital twin,2010,Emerging,https://wrld3d.com,Develops 3D mapping platform,Series B,,England,WRLD
"Infrastructure, vessel & Asset efficiency",Vessel Flow Efficiency,2012,Existing,https://xstreamtrucking.com,Aerodynamic solution for the trucking industry,Series A,"10,500,000",USA,XStream Trucking
Business Model Innovation,Freight Orchestration,2017,Emerging,https://yoofreight.com,Tech-enabled digital freight forwarder,Funded,,England,YooFreight
Data & AI,Fleet Utilization,2012,Existing,https://yunce56.com,Mobile app based freight transport marketplace,Series A,"10,000,000",China,Yuncewang
Business Model Innovation,Freight Orchestration,2015,Emerging,https://yunlsp.com,B2B international logistics marketplace,Seed,"1,600,000",China,Yunlsp
Data & AI,Vessel Operations Optimization,2013,Emerging,https://ymm56.com,Freight logistics marketplace,Series D,"235,000,000",China,Yunmanman
Business Model Innovation,Freight Orchestration,2014,Existing,https://yunquna.com,Freight forwarders marketplace,Series C,"102,359,110",China,Yunquna
Fuel & Efficiency,New Vessel Design,2010,Existing,https://yunzhou-tech.com,Developer of unmanned ships,Series C,"82,710,816",China,Yunzhou Technology
Business Model Innovation,Freight Orchestration,2017,Emerging,https://zencargo.com,Online freight forwarding platform,Series A,"23,694,100",England,Zencargo
Fuel & Efficiency,New Fuel Types,2018,Emerging,https://zenopowersystems.com,Developer of radioisotope power system to convert heat from recycled nuclear waste into electricity,Seed,,USA,Zeno Power Systems
Business Model Innovation,Freight Orchestration,2015,Emerging,https://zhao-chuan.com,Online marketplace for freight owners and freight shippers,Seed,,China,Zhao-chuan
"Infrastructure, vessel & Asset efficiency",Energy & Equipment Management,2011,Existing,https://jadetrack.com,Sustainability Performance Management,Seed,,United States,JadeTrack
"Carbon CS, offsetting & trading",CO2 Trading/Offsetting/Exchange,2016,Existing,https://fishyfilaments.com,Recycling marine plastics into 3D printing filament,Seed,,United Kingdom,Fishy Filaments